S.No,male,book1,book2,book3,book4,book5,isMarried,isNoble,age,isAlive,have_high_title,have_age,isPopular,boolDeadRelations,title_Lady,title_Lord,title_Master,title_Prince,title_no_title,house_House Greyjoy,house_House Lannister,house_House Osgrey,house_House Stark,house_House Targaryen,house_House Tyrell,house_Night's Watch,house_other,house_unknown
1,1,0,0,0,0,0,0,0,19.0,0,0,0,1,1,0,0,0,0,1,0,0,0,0,0,0,0,0,1
2,1,1,1,1,1,1,1,1,97.0,1,1,1,1,1,0,1,0,0,0,0,0,0,0,0,0,0,0,0
3,1,0,0,0,1,0,0,1,42.0,1,0,0,0,0,0,0,0,0,1,0,0,0,0,0,0,0,1,0
4,0,0,0,0,0,0,1,1,23.0,0,0,1,0,0,0,0,0,0,1,0,0,0,0,0,0,0,1,0
5,0,0,0,0,1,0,1,1,29.0,1,0,1,0,0,0,0,0,0,1,0,0,0,0,0,0,0,1,0
6,1,0,0,0,0,0,0,0,19.0,1,0,0,1,1,0,0,0,0,1,0,0,0,0,0,0,0,0,1
7,1,0,0,0,0,0,1,1,26.0,0,1,1,0,0,0,0,0,0,0,0,0,0,0,1,0,0,0,0
8,1,0,0,0,0,0,0,0,19.0,0,0,0,1,1,0,0,0,0,1,0,0,0,0,0,0,0,0,1
9,1,0,0,1,0,0,0,1,42.0,0,0,0,0,0,0,0,0,0,1,0,0,0,0,0,0,0,0,1
10,1,0,0,0,0,0,0,1,42.0,1,0,0,0,0,0,0,0,0,1,0,0,1,0,0,0,0,0,0
11,1,1,1,0,0,0,0,0,19.0,0,0,0,0,0,0,0,0,0,1,0,0,0,0,0,0,1,0,0
12,0,0,0,0,1,0,0,0,19.0,1,0,0,0,0,0,0,0,0,1,0,0,0,0,0,0,0,0,1
13,1,0,0,0,0,0,0,0,19.0,1,0,0,0,0,0,0,0,0,1,0,0,0,0,0,0,0,0,1
14,0,0,0,0,0,0,0,0,19.0,1,0,0,0,0,0,0,0,0,1,0,0,1,0,0,0,0,0,0
15,1,0,0,0,0,0,0,0,19.0,1,0,0,0,0,0,0,0,0,1,0,0,1,0,0,0,0,0,0
16,1,0,0,0,1,0,0,0,19.0,1,0,0,0,0,0,0,0,0,1,0,0,0,0,0,0,0,1,0
17,1,0,0,0,1,0,0,0,19.0,1,0,0,0,0,0,0,0,0,1,0,0,0,0,0,0,0,0,1
18,1,0,0,0,0,0,0,1,42.0,1,0,0,0,0,0,0,0,0,1,0,0,0,0,0,0,0,1,0
19,0,0,0,0,1,0,0,1,35.0,1,0,0,0,0,0,0,0,0,1,0,0,0,0,0,0,0,0,1
20,1,0,1,0,0,0,0,0,19.0,1,0,0,0,0,0,0,0,0,1,0,0,0,0,0,0,0,1,0
21,1,1,0,0,1,0,0,1,42.0,1,0,0,0,0,0,0,0,0,1,0,0,0,0,0,0,0,1,0
22,0,0,0,0,0,0,0,1,35.0,1,0,0,0,0,0,0,0,0,1,0,0,0,0,0,0,0,1,0
23,0,0,0,0,1,0,0,0,16.0,1,0,1,0,0,0,0,0,0,1,0,0,0,0,0,0,0,1,0
24,1,1,0,0,0,0,0,1,42.0,1,0,0,0,0,0,0,0,0,1,0,0,0,0,0,0,0,0,1
25,1,0,0,0,0,0,0,0,19.0,1,0,0,0,0,0,0,0,0,1,0,0,0,0,0,0,0,1,0
26,0,0,0,0,0,1,0,0,19.0,0,0,0,0,0,0,0,0,0,1,0,0,0,0,0,0,0,0,1
27,1,0,1,0,0,0,0,0,19.0,0,0,0,0,0,0,0,0,0,1,0,0,0,0,0,0,0,0,1
28,1,0,0,0,1,1,0,0,19.0,1,0,0,0,0,0,0,0,0,1,1,0,0,0,0,0,0,0,0
29,0,0,0,1,0,0,0,0,19.0,1,0,0,0,0,0,0,0,0,1,0,0,0,0,0,0,0,0,1
30,0,1,0,0,0,0,0,0,19.0,0,0,0,0,0,0,0,0,0,1,0,0,0,1,0,0,0,0,0
31,0,0,0,0,0,0,0,0,19.0,0,0,0,0,0,0,0,0,0,1,0,0,0,0,0,0,0,1,0
32,1,0,0,0,0,1,0,0,19.0,1,0,0,0,0,0,0,0,0,1,0,0,0,0,0,0,0,0,1
33,1,1,0,1,0,0,0,0,19.0,1,0,0,0,0,0,0,0,0,1,0,0,0,0,0,0,0,1,0
34,0,0,0,0,1,1,0,0,25.0,1,0,1,0,0,0,0,0,0,1,0,0,0,0,0,0,0,1,0
35,1,0,0,0,1,0,0,0,19.0,1,0,0,0,0,0,0,0,0,1,0,0,0,0,0,0,0,0,1
36,1,0,0,0,1,0,0,0,19.0,1,0,0,0,0,0,0,0,0,1,0,0,0,0,0,0,0,1,0
37,1,0,0,0,1,0,0,0,19.0,1,0,0,0,0,0,0,0,0,1,0,0,0,0,0,0,0,1,0
38,1,0,0,0,1,0,0,0,19.0,1,0,0,0,0,0,0,0,0,1,0,0,0,0,0,0,0,1,0
39,0,0,0,0,0,0,0,0,19.0,1,0,0,0,0,0,0,0,0,1,0,0,0,0,1,0,0,0,0
40,1,0,0,0,1,0,0,0,19.0,1,0,0,0,0,0,0,0,0,1,0,0,0,0,0,0,0,0,1
41,0,0,0,0,0,0,0,1,35.0,1,0,0,0,0,0,0,0,0,1,0,0,0,0,0,0,0,0,1
42,1,0,0,1,0,0,0,0,59.0,0,0,1,0,0,0,0,0,0,1,0,0,0,0,0,0,1,0,0
43,0,0,0,0,0,1,1,0,19.0,1,0,0,0,0,0,0,0,0,1,0,0,0,0,0,0,0,0,1
44,0,0,0,0,1,0,0,1,35.0,1,0,0,0,0,0,0,0,0,1,0,0,0,0,0,0,0,0,1
45,0,0,0,1,0,0,0,0,19.0,1,0,0,0,0,0,0,0,0,1,0,0,0,0,0,0,0,0,1
46,1,0,0,0,0,1,0,0,19.0,1,0,0,0,0,0,0,0,0,1,0,0,0,0,0,0,0,0,1
47,1,0,0,0,0,1,0,0,19.0,1,0,0,0,0,0,0,0,0,1,0,0,0,0,0,0,0,1,0
48,0,0,0,1,1,0,0,0,19.0,1,0,0,0,0,0,0,0,0,1,0,0,0,0,0,0,0,1,0
49,1,0,1,1,1,1,0,0,19.0,1,0,1,0,0,0,0,0,0,1,0,0,0,0,0,0,0,1,0
50,1,1,1,1,0,1,0,1,27.0,1,0,1,0,0,0,0,0,0,1,0,0,0,0,0,0,0,1,0
51,1,0,0,0,0,0,0,0,19.0,0,0,0,1,1,0,0,0,0,1,0,0,0,0,0,0,0,0,1
52,1,0,0,0,0,0,1,1,26.0,0,0,1,0,0,0,0,0,0,1,0,0,0,0,0,0,0,1,0
53,1,0,1,1,1,1,1,1,42.0,0,0,0,0,0,0,0,0,0,1,0,0,0,0,0,0,0,1,0
54,1,0,0,0,0,0,0,0,19.0,0,0,0,1,0,0,0,0,0,1,0,0,0,0,0,0,0,0,1
55,0,1,1,1,1,1,1,1,22.0,1,0,1,1,1,0,0,0,0,1,0,0,0,0,0,1,0,0,0
56,0,1,0,0,0,0,1,1,100.0,0,0,1,0,1,0,0,0,0,1,0,0,0,0,1,0,0,0,0
57,0,0,0,0,1,0,0,0,19.0,1,0,0,0,0,0,0,0,0,1,0,0,0,0,0,0,0,0,1
58,1,0,0,0,1,0,0,0,19.0,1,0,0,0,0,0,0,0,0,1,0,0,0,0,0,0,0,1,0
59,1,0,0,0,1,0,1,1,42.0,0,1,0,0,0,0,1,0,0,0,1,0,0,0,0,0,0,0,0
60,0,0,0,0,0,0,0,1,35.0,0,1,0,0,0,0,1,0,0,0,0,0,0,0,0,0,0,1,0
61,1,0,0,0,1,0,0,0,19.0,1,0,0,0,0,0,0,0,0,1,1,0,0,0,0,0,0,0,0
62,1,0,1,0,1,0,0,0,19.0,1,0,0,0,0,0,0,0,0,1,0,0,0,0,0,0,0,0,1
63,1,0,0,0,0,0,0,0,19.0,1,0,0,0,0,0,0,0,0,1,0,0,0,0,0,0,0,1,0
64,1,0,0,0,1,0,0,0,19.0,1,0,0,0,0,0,0,0,0,1,0,0,0,0,0,0,0,0,1
65,0,0,0,1,1,0,0,1,35.0,1,0,0,0,0,0,0,0,0,1,0,0,0,0,0,1,0,0,0
66,1,0,0,1,0,0,0,0,14.0,0,0,1,0,0,0,0,0,0,1,0,0,0,0,0,0,0,1,0
67,1,0,1,0,0,0,0,0,19.0,0,0,0,0,0,0,0,0,0,1,0,0,0,0,0,0,0,0,1
68,0,0,0,0,0,0,0,0,19.0,1,0,0,0,0,0,0,0,0,1,0,0,0,0,0,0,0,0,1
69,1,0,0,0,0,0,0,0,19.0,1,0,0,0,0,0,0,0,0,1,0,0,0,0,0,0,0,1,0
70,0,0,0,0,1,0,0,0,19.0,1,0,0,0,0,0,0,0,0,1,1,0,0,0,0,0,0,0,0
71,0,1,0,0,0,0,0,0,19.0,1,0,0,0,0,0,0,0,0,1,0,0,0,0,0,0,0,0,1
72,0,0,0,1,0,0,0,0,19.0,1,0,0,0,0,0,0,0,0,1,0,0,0,0,0,0,0,0,1
73,1,1,1,1,0,0,0,0,19.0,0,0,0,0,0,0,0,0,0,1,0,0,0,0,0,0,1,0,0
74,1,0,0,0,1,0,0,1,42.0,1,0,0,0,0,0,0,0,0,1,0,0,0,0,0,0,0,0,1
75,1,0,0,1,0,0,0,1,42.0,1,1,0,0,0,0,1,0,0,0,0,0,0,0,0,0,0,1,0
76,0,0,0,0,1,0,0,1,35.0,1,0,0,0,0,0,0,0,0,1,0,0,0,0,0,0,0,1,0
77,0,0,0,1,1,0,0,0,19.0,1,0,0,0,0,0,0,0,0,1,0,0,0,0,0,1,0,0,0
78,0,0,0,0,1,1,0,0,19.0,1,0,0,0,0,0,0,0,0,1,0,0,0,0,0,0,0,0,1
79,1,0,0,0,0,0,0,1,42.0,1,0,0,0,0,0,0,0,0,1,0,0,0,0,1,0,0,0,0
80,1,0,0,0,0,0,0,1,42.0,1,0,0,0,0,0,0,0,0,1,0,0,0,0,0,0,0,0,1
81,1,0,1,0,0,0,0,0,19.0,0,0,0,0,0,0,0,0,0,1,1,0,0,0,0,0,0,0,0
82,0,0,1,0,0,0,0,0,19.0,1,0,0,0,0,0,0,0,0,1,0,0,0,0,0,0,1,0,0
83,0,0,0,0,0,0,0,1,35.0,1,1,0,0,0,0,1,0,0,0,0,0,0,0,0,0,0,1,0
84,1,0,1,0,0,0,0,0,19.0,1,0,0,0,0,0,0,0,0,1,0,0,0,0,0,0,0,0,1
85,1,0,0,0,0,0,1,1,42.0,0,1,1,0,1,0,0,0,1,0,0,0,0,0,1,0,0,0,0
86,0,0,0,0,0,0,1,1,100.0,0,1,1,0,0,1,0,0,0,0,0,0,0,0,1,0,0,0,0
87,0,0,0,0,0,0,0,1,100.0,0,0,1,0,0,0,0,0,0,1,0,0,0,0,1,0,0,0,0
88,0,1,0,0,0,0,1,1,35.0,0,0,1,0,1,0,0,0,0,1,0,0,0,0,1,0,0,0,0
89,0,1,1,1,1,1,0,1,3.0,0,0,1,0,1,0,0,0,0,1,0,0,0,0,1,0,0,0,0
90,0,0,0,0,1,0,0,0,19.0,1,0,0,0,0,0,0,0,0,1,0,0,0,0,0,0,0,1,0
91,0,0,0,0,0,0,1,1,55.0,0,0,1,0,0,0,0,0,0,1,0,0,0,0,1,0,0,0,0
92,0,0,0,0,1,0,1,0,19.0,1,0,0,0,0,0,0,0,0,1,0,0,0,0,0,0,0,1,0
93,0,0,0,0,1,0,0,1,35.0,0,0,0,0,0,0,0,0,0,1,0,0,0,0,0,0,0,1,0
94,1,0,0,1,0,0,0,1,42.0,1,0,0,0,0,0,0,0,0,1,0,0,0,0,0,0,0,1,0
95,1,0,0,0,1,0,0,1,42.0,1,0,0,0,0,0,0,0,0,1,0,0,0,0,0,0,0,0,1
96,1,0,0,0,0,0,0,0,19.0,1,0,0,0,0,0,0,0,0,1,0,0,1,0,0,0,0,0,0
97,1,0,0,1,1,0,0,0,19.0,1,0,0,0,0,0,0,0,0,1,0,0,0,0,0,1,0,0,0
98,1,0,0,0,0,0,0,1,42.0,1,0,0,0,0,0,0,0,0,1,0,0,0,0,0,0,0,1,0
99,1,0,0,0,0,0,0,1,42.0,1,0,0,0,0,0,0,0,0,1,0,0,0,0,0,0,0,1,0
100,1,0,1,1,1,0,0,0,15.0,1,0,1,0,0,0,0,0,0,1,0,0,0,0,0,0,0,1,0
101,0,0,0,1,0,0,0,1,35.0,1,0,0,0,0,0,0,0,0,1,0,0,0,0,0,0,0,1,0
102,1,0,0,0,0,0,0,0,19.0,0,0,0,1,1,0,0,0,0,1,0,0,0,0,0,0,0,0,1
103,1,0,0,0,1,0,0,0,19.0,1,0,0,0,0,0,0,0,0,1,0,0,0,0,0,0,0,0,1
104,1,0,1,1,1,0,0,0,22.0,1,0,1,0,0,0,0,0,0,1,0,0,0,0,0,0,0,0,0
105,1,0,0,0,1,0,0,0,19.0,1,0,0,0,0,0,0,0,0,1,1,0,0,0,0,0,0,0,0
106,1,0,0,0,1,0,0,0,19.0,1,0,0,0,0,0,0,0,0,1,0,0,0,0,0,0,0,1,0
107,1,0,0,0,1,1,0,0,19.0,1,0,0,0,0,0,0,0,0,1,0,0,0,0,0,0,0,0,1
108,0,0,0,0,1,0,0,0,19.0,1,0,0,0,0,0,0,0,0,1,0,0,0,0,0,0,0,1,0
109,1,0,0,0,0,1,1,0,19.0,1,0,0,0,0,0,0,0,0,1,0,0,0,1,0,0,0,0,0
110,1,0,0,0,0,0,0,0,19.0,0,0,0,0,0,0,0,0,0,1,0,0,0,0,0,0,0,0,1
111,0,0,0,0,1,0,0,0,19.0,1,0,0,0,0,0,0,0,0,1,0,0,0,0,0,0,0,0,1
112,1,0,0,0,1,1,0,0,19.0,1,0,0,0,0,0,0,0,0,1,0,0,0,0,0,0,0,1,0
113,1,0,0,0,1,0,0,0,19.0,1,0,0,0,0,0,0,0,0,1,0,1,0,0,0,0,0,0,0
114,1,0,0,0,0,0,0,1,42.0,1,0,0,0,0,0,0,0,0,1,0,0,0,0,0,0,0,1,0
115,1,0,1,0,0,0,0,0,19.0,1,0,0,0,0,0,0,0,0,1,0,0,0,0,0,0,0,0,1
116,1,0,0,0,1,0,0,1,42.0,1,0,0,0,0,0,0,0,0,1,0,0,0,0,0,0,0,1,0
117,1,0,0,1,1,0,0,0,15.0,1,0,1,0,0,0,0,0,0,1,0,0,0,0,0,0,0,1,0
118,1,0,0,0,1,0,0,0,19.0,1,0,0,0,0,0,0,0,0,1,0,0,0,0,0,0,0,1,0
119,1,0,0,0,0,1,0,0,19.0,1,0,0,0,0,0,0,0,0,1,0,0,0,0,0,0,0,1,0
120,0,0,0,1,0,0,0,0,19.0,1,0,0,0,0,0,0,0,0,1,0,0,0,0,0,0,0,1,0
121,0,0,0,1,0,0,0,0,19.0,1,0,0,0,0,0,0,0,0,1,0,0,0,0,0,0,0,1,0
122,1,0,0,0,1,0,0,0,19.0,1,0,1,0,0,0,0,0,0,1,0,0,0,0,0,0,0,0,1
123,1,0,0,1,1,0,0,1,42.0,1,0,0,0,0,0,0,0,0,1,0,0,0,0,0,0,0,0,1
124,0,0,0,0,1,0,0,0,19.0,1,0,0,0,0,0,0,0,0,1,0,0,0,0,0,0,0,1,0
125,1,0,0,0,1,1,0,0,19.0,1,0,0,0,0,0,0,0,0,1,0,0,0,0,0,0,0,1,0
126,0,0,0,0,1,1,0,0,19.0,1,0,0,0,0,0,0,0,0,1,0,0,0,0,0,0,0,1,0
127,0,0,0,0,1,0,0,0,21.0,1,0,1,0,0,0,0,0,0,1,0,0,0,0,0,0,0,0,1
128,1,0,0,0,0,1,0,0,19.0,0,0,0,0,0,0,0,0,0,1,0,0,0,0,0,0,0,0,1
129,0,1,0,0,0,0,0,0,19.0,1,0,0,0,0,0,0,0,0,1,0,0,0,0,0,0,1,0,0
130,1,0,0,0,0,0,0,1,42.0,0,0,0,0,0,0,0,0,0,1,0,0,0,0,0,0,0,0,1
131,0,0,0,0,1,0,0,1,35.0,1,0,0,0,0,0,0,0,0,1,0,0,0,0,0,0,0,1,0
132,0,0,0,0,1,0,0,0,19.0,1,0,0,0,0,0,0,0,0,1,0,0,0,0,0,0,0,1,0
133,1,0,0,0,0,1,0,0,19.0,1,0,0,0,0,0,0,0,0,1,0,0,0,0,0,0,1,0,0
134,1,0,0,0,1,0,0,1,42.0,1,0,0,0,0,0,0,0,0,1,0,0,0,0,0,0,0,0,1
135,1,0,0,1,1,1,1,0,19.0,1,0,0,0,0,0,0,0,0,1,0,0,0,0,0,0,0,0,1
136,0,0,0,1,0,0,0,0,19.0,0,0,0,0,0,0,0,0,0,1,0,0,0,0,0,0,1,0,0
137,0,0,0,0,0,0,0,0,19.0,1,0,0,0,0,0,0,0,0,1,1,0,0,0,0,0,0,0,0
138,0,0,0,0,0,0,0,0,19.0,1,0,0,0,0,0,0,0,0,1,0,0,0,0,0,0,0,0,1
139,0,0,1,0,0,0,0,0,19.0,1,0,0,0,0,0,0,0,0,1,0,0,0,0,0,0,0,0,1
140,0,0,0,0,0,0,0,0,19.0,1,0,0,0,0,0,0,0,0,1,0,0,0,0,0,0,0,1,0
141,1,0,0,1,0,0,0,0,19.0,0,0,0,0,0,0,0,0,0,1,0,0,0,0,0,0,0,1,0
142,1,0,1,0,0,0,0,0,19.0,1,0,0,0,0,0,0,0,0,1,0,0,0,0,0,0,0,1,0
143,1,0,0,0,0,0,0,0,19.0,1,0,0,0,0,0,0,0,0,1,0,0,1,0,0,0,0,0,0
144,1,0,0,1,1,0,0,1,42.0,1,0,0,0,0,0,0,0,0,1,0,0,0,0,0,0,0,1,0
145,1,0,0,0,1,0,0,0,19.0,1,0,0,0,0,0,0,0,0,1,0,0,0,0,0,0,0,1,0
146,0,0,0,1,0,0,0,0,19.0,1,0,0,0,0,0,0,0,0,1,0,0,0,0,0,0,0,0,1
147,1,0,0,1,0,0,0,0,19.0,1,0,0,0,0,0,0,0,0,1,0,0,0,0,0,0,1,0,0
148,0,0,0,1,0,0,0,0,19.0,1,0,0,0,0,0,0,0,0,1,0,0,0,0,0,0,0,0,1
149,1,0,0,0,0,0,0,0,19.0,1,0,0,0,0,0,0,0,0,1,0,0,0,0,0,0,0,1,0
150,0,0,0,0,0,1,1,0,19.0,1,0,0,0,0,0,0,0,0,1,0,0,0,0,0,0,0,0,1
151,0,0,0,1,1,0,1,0,19.0,1,0,0,0,0,0,0,0,0,1,0,0,0,0,0,0,0,0,1
152,0,1,0,0,0,0,0,0,19.0,1,0,0,0,0,0,0,0,0,1,0,0,0,0,0,0,0,0,1
153,0,0,0,1,0,0,0,1,35.0,1,1,0,0,0,0,0,0,0,0,0,0,0,0,0,0,0,0,1
154,0,0,0,0,1,0,0,0,19.0,1,0,0,0,0,0,0,0,0,1,0,1,0,0,0,0,0,0,0
155,0,0,1,0,1,0,0,0,19.0,1,0,0,0,0,0,0,0,0,1,0,0,0,1,0,0,0,0,0
156,1,0,0,0,1,0,0,0,19.0,1,0,0,0,0,0,0,0,0,1,0,0,0,0,0,0,0,1,0
157,1,0,1,1,0,0,0,0,19.0,1,0,0,0,0,0,0,0,0,1,1,0,0,0,0,0,0,0,0
158,0,0,0,0,0,0,0,1,35.0,1,0,0,0,0,0,0,0,0,1,0,0,0,0,0,0,0,1,0
159,0,0,0,1,0,0,0,0,19.0,1,0,0,0,0,0,0,0,0,1,0,0,0,0,0,0,0,0,1
160,1,0,0,0,0,1,0,0,19.0,1,0,0,0,0,0,0,0,0,1,0,0,0,0,0,0,0,1,0
161,0,0,1,0,0,0,0,0,19.0,1,0,0,0,0,0,0,0,0,1,0,0,0,1,0,0,0,0,0
162,1,0,1,1,1,0,0,0,19.0,1,0,0,0,0,0,0,0,0,1,0,0,0,0,0,0,0,0,1
163,0,0,0,0,1,0,0,0,19.0,1,0,0,0,0,0,0,0,0,1,0,0,0,0,0,0,0,0,1
164,1,0,0,1,1,1,0,0,19.0,1,0,0,0,0,0,0,0,0,1,0,0,0,0,0,0,1,0,0
165,1,0,0,1,0,0,0,0,19.0,0,0,0,0,0,0,0,0,0,1,0,0,0,0,0,0,1,0,0
166,1,0,0,1,0,0,0,0,19.0,0,0,0,0,0,0,0,0,0,1,0,0,0,0,0,0,1,0,0
167,0,0,1,0,0,0,0,0,19.0,0,0,0,0,0,0,0,0,0,1,1,0,0,0,0,0,0,0,0
168,0,0,0,0,0,1,0,0,19.0,0,0,0,0,0,0,0,0,0,1,0,0,0,0,0,0,0,0,1
169,1,0,0,0,1,0,0,0,19.0,1,0,0,0,0,0,0,0,0,1,0,0,0,0,0,0,0,1,0
170,1,1,1,1,1,1,1,1,53.0,0,0,1,0,1,0,0,0,0,1,0,1,0,0,0,0,0,0,0
171,1,0,0,0,0,0,0,1,42.0,1,0,0,0,0,0,0,0,0,1,0,0,0,0,0,0,0,1,0
172,0,0,0,0,1,0,0,1,35.0,1,0,0,0,0,0,0,0,0,1,0,0,0,0,0,0,0,1,0
173,1,0,0,0,0,0,0,0,19.0,1,0,0,1,1,0,0,0,0,1,0,0,0,0,0,0,0,0,1
174,1,0,1,0,0,0,0,1,42.0,1,1,0,0,0,0,1,0,0,0,0,0,0,0,0,0,0,1,0
175,0,0,0,1,0,0,0,0,19.0,0,0,0,0,0,0,0,0,0,1,0,0,0,0,0,0,0,0,1
176,0,0,0,0,1,1,0,0,19.0,1,0,0,0,0,0,0,0,0,1,0,0,0,0,0,0,0,0,1
177,1,0,1,0,0,0,0,0,19.0,1,0,0,0,0,0,0,0,0,1,0,0,0,0,0,0,0,0,1
178,0,0,1,0,0,0,0,0,19.0,0,0,0,0,0,0,0,0,0,1,1,0,0,0,0,0,0,0,0
179,1,0,0,0,0,1,0,0,19.0,1,0,0,0,0,0,0,0,0,1,0,0,0,0,1,0,0,0,0
180,1,0,0,0,1,0,0,0,19.0,1,0,0,0,0,0,0,0,0,1,0,0,0,0,0,0,0,1,0
181,1,0,0,0,1,0,0,0,19.0,1,0,0,0,0,0,0,0,0,1,0,0,0,0,0,0,0,0,1
182,1,0,0,0,0,1,0,0,19.0,1,0,0,0,0,0,0,0,0,1,0,0,0,0,1,0,0,0,0
183,0,0,0,0,1,0,0,0,19.0,1,0,0,0,0,0,0,0,0,1,0,0,0,0,0,0,0,0,1
184,1,0,0,1,0,0,0,0,19.0,1,0,0,0,0,0,0,0,0,1,0,0,0,0,0,0,0,1,0
185,0,0,0,1,1,0,0,0,19.0,1,0,0,0,0,0,0,0,0,1,0,0,0,0,0,0,0,1,0
186,0,0,0,0,1,0,0,0,19.0,1,0,0,0,0,0,0,0,0,1,0,0,0,0,0,0,0,0,1
187,1,0,1,0,0,0,0,0,19.0,1,0,0,0,0,0,0,0,0,1,0,0,0,0,0,0,0,0,1
188,0,0,0,0,1,0,0,0,19.0,1,0,0,0,0,0,0,0,0,1,0,0,0,0,0,0,0,1,0
189,1,0,0,0,1,0,0,0,19.0,1,0,0,0,0,0,0,0,0,1,0,0,0,0,0,0,0,0,1
190,1,1,0,0,0,0,0,1,42.0,1,0,0,0,0,0,0,0,0,1,0,0,0,0,0,0,0,0,0
191,1,0,0,0,1,0,0,1,42.0,1,0,0,0,0,0,0,0,0,1,0,0,0,0,0,0,0,0,1
192,0,0,0,0,0,1,0,0,19.0,0,0,0,0,0,0,0,0,0,1,0,0,0,0,0,0,0,0,1
193,1,0,0,0,0,0,0,0,19.0,1,0,0,0,0,0,0,0,0,1,0,0,0,0,0,0,0,0,1
194,1,0,0,0,1,0,0,0,19.0,1,0,0,0,0,0,0,0,0,1,0,0,0,0,0,0,0,1,0
195,0,0,0,1,1,1,0,0,19.0,1,0,0,0,0,0,0,0,0,1,0,0,0,0,0,0,1,0,0
196,0,0,1,1,0,0,0,1,35.0,1,0,0,0,0,0,0,0,0,1,0,0,0,0,0,0,0,0,1
197,0,1,1,0,0,1,0,0,19.0,1,0,0,0,0,0,0,0,0,1,0,0,0,0,0,0,0,1,0
198,1,0,0,0,1,0,0,0,19.0,1,0,0,0,0,0,0,0,0,1,0,0,0,0,0,0,0,1,0
199,0,0,1,0,0,0,0,0,19.0,1,0,0,0,0,0,0,0,0,1,0,0,0,0,0,0,0,1,0
200,1,0,0,1,1,0,0,0,19.0,1,0,0,0,0,0,0,0,0,1,0,0,0,0,0,0,0,0,1
201,1,0,1,0,0,0,0,0,19.0,0,0,0,0,0,0,0,0,0,1,0,0,0,0,0,0,0,0,1
202,0,0,0,0,1,0,0,1,35.0,1,0,0,0,0,0,0,0,0,1,0,0,0,0,0,0,0,1,0
203,0,0,1,0,0,0,0,0,19.0,1,0,0,0,0,0,0,0,0,1,0,0,0,1,0,0,0,0,0
204,1,0,0,0,0,0,0,1,42.0,0,0,0,0,0,0,0,0,0,1,0,0,0,0,0,0,0,1,0
205,1,0,0,1,1,1,0,0,19.0,1,0,0,0,0,0,0,0,0,1,0,0,0,0,0,0,0,0,1
206,0,1,0,0,0,0,0,0,19.0,1,0,0,0,0,0,0,0,0,1,0,0,0,0,0,0,0,1,0
207,1,0,1,0,0,0,0,1,42.0,0,0,0,0,0,0,0,0,0,1,0,0,0,0,0,0,0,0,1
208,1,0,0,0,0,0,0,0,19.0,1,0,0,0,0,0,0,0,0,1,0,0,0,0,0,0,0,0,1
209,0,1,0,0,0,0,0,0,19.0,0,0,0,0,0,0,0,0,0,1,0,1,0,0,0,0,0,0,0
210,1,0,1,0,1,0,0,0,19.0,1,0,0,0,0,0,0,0,0,1,0,0,0,0,0,0,0,0,1
211,0,0,0,1,0,0,0,0,19.0,1,0,0,0,0,0,0,0,0,1,0,0,0,0,0,0,0,1,0
212,1,0,0,0,0,0,0,0,19.0,1,0,0,0,0,0,0,0,0,1,0,0,0,0,0,0,0,0,1
213,1,0,0,1,0,0,0,1,42.0,1,0,0,0,0,0,0,0,0,1,0,0,0,0,0,0,0,1,0
214,1,0,0,0,0,0,0,0,19.0,0,0,0,0,0,0,0,0,0,1,0,0,0,0,0,0,0,0,1
215,0,0,1,0,0,0,0,0,19.0,1,0,0,0,0,0,0,0,0,1,0,0,0,0,0,0,0,0,1
216,0,0,0,1,0,0,0,0,19.0,1,0,0,0,0,0,0,0,0,1,0,0,0,0,0,0,1,0,0
217,1,0,0,0,0,1,0,1,42.0,1,0,0,0,0,0,0,0,0,1,0,0,0,0,0,0,0,0,1
218,0,0,1,0,1,0,0,0,19.0,1,0,0,0,0,0,0,0,0,1,0,0,0,1,0,0,0,0,0
219,1,0,0,1,0,0,0,1,42.0,1,0,0,0,0,0,0,0,0,1,0,0,0,0,0,0,0,0,1
220,1,0,0,0,0,1,0,0,19.0,1,0,0,0,0,0,0,0,0,1,0,0,0,0,0,0,0,1,0
221,1,0,1,0,0,0,0,0,19.0,1,0,0,0,0,0,0,0,0,1,1,0,0,0,0,0,0,0,0
222,0,0,1,0,0,0,0,0,19.0,0,0,0,0,0,0,0,0,0,1,1,0,0,0,0,0,0,0,0
223,1,0,0,0,1,0,0,0,6.0,1,0,1,0,0,0,0,0,0,1,0,0,0,0,0,0,0,0,0
224,1,0,1,1,1,0,0,0,19.0,1,0,0,0,0,0,0,0,0,1,1,0,0,0,0,0,0,0,0
225,0,1,0,0,0,0,0,0,19.0,1,0,0,0,0,0,0,0,0,1,0,0,0,0,0,0,0,1,0
226,0,0,0,1,0,0,0,0,19.0,1,0,0,0,0,0,0,0,0,1,0,0,0,0,0,0,0,1,0
227,0,0,0,0,1,0,0,0,19.0,1,0,0,0,0,0,0,0,0,1,0,0,0,0,0,0,0,1,0
228,0,0,1,0,0,0,0,0,19.0,1,0,0,0,0,0,0,0,0,1,0,0,0,0,0,0,0,0,1
229,1,0,0,0,1,0,0,0,19.0,1,0,0,0,0,0,0,0,0,1,0,0,0,0,0,0,0,1,0
230,0,0,1,0,0,0,0,0,19.0,1,0,0,0,0,0,0,0,0,1,0,0,0,0,0,0,0,0,1
231,1,0,1,1,0,0,0,0,19.0,1,0,0,0,0,0,0,0,0,1,1,0,0,0,0,0,0,0,0
232,1,0,0,0,0,0,0,0,19.0,1,0,0,0,0,0,0,0,0,1,0,0,0,0,0,0,0,0,1
233,1,0,0,0,1,0,0,0,37.0,1,0,1,0,0,0,0,0,0,1,1,0,0,0,0,0,0,0,0
234,1,0,0,0,0,0,0,1,100.0,0,0,1,0,0,0,0,0,0,1,0,0,0,0,0,0,0,0,1
235,1,0,1,1,0,0,0,0,19.0,0,0,0,0,0,0,0,0,0,1,0,0,0,0,0,0,0,1,0
236,1,0,0,0,1,0,0,1,42.0,1,0,0,0,0,0,0,0,0,1,0,0,0,0,0,0,0,0,1
237,0,1,0,0,0,0,0,0,19.0,0,0,0,0,0,0,0,0,0,1,0,0,0,1,0,0,0,0,0
238,0,0,0,0,1,0,0,0,19.0,1,0,0,0,0,0,0,0,0,1,0,0,0,0,0,0,0,0,1
239,1,0,0,0,1,0,0,0,19.0,1,0,0,0,0,0,0,0,0,1,0,0,0,0,0,0,0,1,0
240,0,0,0,1,0,0,0,0,19.0,1,0,0,0,0,0,0,0,0,1,0,0,0,0,0,0,0,0,1
241,0,0,0,1,1,0,0,1,35.0,1,0,0,0,0,0,0,0,0,1,0,0,0,0,0,1,0,0,0
242,0,0,1,1,1,0,0,0,11.0,1,0,1,0,0,0,0,0,0,1,0,0,0,0,0,0,0,0,0
243,0,0,1,1,1,0,0,0,15.0,1,0,1,0,0,0,0,0,0,1,0,0,0,0,0,0,0,0,0
244,0,0,0,0,0,0,0,0,17.0,1,0,1,0,0,0,0,0,0,1,0,0,0,0,0,0,0,0,0
245,0,0,0,0,0,0,0,0,25.0,1,0,1,0,0,0,0,0,0,1,0,0,0,0,0,0,0,0,0
246,0,0,0,0,0,0,1,0,22.0,1,0,1,0,0,0,0,0,0,1,0,0,0,0,0,0,0,0,0
247,0,0,0,1,0,0,0,0,10.0,1,0,1,0,0,0,0,0,0,1,0,0,0,0,0,0,0,0,0
248,1,0,0,0,0,0,0,0,14.0,1,0,1,0,0,0,0,0,0,1,0,0,0,0,0,0,0,0,0
249,0,0,0,0,0,0,0,0,20.0,1,0,1,0,0,0,0,0,0,1,0,0,0,0,0,0,0,1,0
250,1,0,0,0,0,0,0,0,45.0,1,0,1,0,0,0,0,0,0,1,0,0,0,0,0,0,0,0,0
251,1,0,0,0,0,0,0,0,9.0,0,0,1,0,0,0,0,0,0,1,0,0,0,0,0,0,0,0,0
252,0,1,0,0,0,0,0,0,19.0,0,0,0,0,0,0,0,0,0,1,0,0,0,0,0,0,1,0,0
253,1,0,1,1,1,1,0,0,19.0,1,0,0,0,0,0,0,0,0,1,0,0,0,0,0,0,0,1,0
254,1,0,0,0,0,1,0,1,42.0,0,0,0,0,0,0,0,0,0,1,0,0,0,0,0,0,0,0,1
255,1,0,0,0,0,0,0,0,19.0,1,0,0,0,0,0,0,0,0,1,0,0,1,0,0,0,0,0,0
256,1,0,0,0,1,1,0,0,19.0,1,0,0,0,0,0,0,0,0,1,0,0,0,0,0,1,0,0,0
257,0,0,0,0,1,0,0,0,19.0,1,0,0,0,0,0,0,0,0,1,0,0,0,0,0,0,0,0,1
258,0,0,0,0,1,0,0,0,19.0,1,0,0,0,0,0,0,0,0,1,0,0,0,0,0,0,0,0,1
259,0,0,0,0,0,0,0,0,19.0,1,0,0,0,0,0,0,0,0,1,0,0,1,0,0,0,0,0,0
260,1,0,0,0,0,0,0,0,19.0,1,0,0,0,0,0,0,0,0,1,0,0,1,0,0,0,0,0,0
261,0,0,0,0,0,0,0,0,19.0,1,0,0,0,0,0,0,0,0,1,0,0,0,0,1,0,0,0,0
262,1,0,0,1,0,0,0,0,19.0,0,0,0,0,0,0,0,0,0,1,0,0,0,0,0,0,1,0,0
263,1,1,0,0,0,0,0,0,19.0,1,0,0,0,0,0,0,0,0,1,0,0,0,1,0,0,0,0,0
264,1,0,1,0,0,0,0,0,9.0,1,0,1,0,0,0,0,0,0,1,0,0,0,0,0,0,0,0,1
265,1,0,0,0,0,0,0,1,42.0,1,0,0,0,0,0,0,0,0,1,0,0,0,0,0,0,0,1,0
266,0,0,1,0,0,0,0,0,19.0,1,0,0,0,0,0,0,0,0,1,0,0,0,0,0,0,0,0,1
267,0,0,1,0,0,0,0,0,19.0,1,0,0,0,0,0,0,0,0,1,1,0,0,0,0,0,0,0,0
268,1,0,1,1,1,1,0,0,19.0,0,0,0,0,0,0,0,0,0,1,0,0,0,0,0,0,0,1,0
269,0,1,1,1,1,1,0,0,24.0,1,0,1,0,0,0,0,0,0,1,0,0,0,0,1,0,0,0,0
270,1,0,0,0,0,1,0,0,19.0,1,0,0,0,0,0,0,0,0,1,0,0,0,0,0,0,0,1,0
271,1,1,1,1,1,1,0,0,19.0,1,0,0,0,0,0,0,0,0,1,0,0,0,0,0,0,0,0,1
272,1,0,0,1,1,0,0,0,19.0,1,0,0,0,0,0,0,0,0,1,0,0,0,0,0,0,0,1,0
273,0,1,1,1,1,1,0,1,35.0,0,0,0,0,1,0,0,0,0,1,0,0,0,0,0,0,0,1,0
274,1,1,1,1,1,1,0,0,22.0,1,0,1,1,0,0,0,0,0,1,0,0,0,0,0,0,1,0,0
275,1,0,0,0,0,0,0,1,42.0,1,0,0,0,0,0,0,0,0,1,0,0,0,0,0,0,0,1,0
276,1,0,0,0,0,0,0,1,42.0,1,0,0,0,0,0,0,0,0,1,0,0,0,0,0,0,0,0,0
277,1,0,0,0,0,0,0,1,42.0,1,0,0,0,0,0,0,0,0,1,0,0,0,0,0,0,0,0,1
278,1,0,0,0,0,0,0,0,13.0,0,0,1,0,0,0,0,0,0,1,0,0,1,0,0,0,0,0,0
279,1,0,0,0,0,0,0,0,52.0,1,0,1,0,0,0,0,0,0,1,0,0,0,0,0,0,0,0,0
280,1,0,0,0,0,0,0,0,50.0,0,0,1,0,0,0,0,0,0,1,0,0,0,0,0,0,0,0,0
281,1,0,0,0,0,0,0,0,19.0,0,0,0,1,1,0,0,0,0,1,0,0,0,0,0,0,0,0,1
282,1,0,0,0,0,0,0,0,19.0,0,0,0,1,1,0,0,0,0,1,0,0,0,0,0,0,0,0,1
283,1,0,0,0,0,0,0,0,19.0,0,0,0,1,1,0,0,0,0,1,0,0,0,0,0,0,0,0,1
284,1,0,0,0,0,0,0,1,42.0,1,1,0,0,0,0,0,0,1,0,0,0,0,0,1,0,0,0,0
285,1,0,0,0,0,0,0,0,19.0,0,0,0,1,1,0,0,0,0,1,0,0,0,0,0,0,0,0,1
286,0,0,0,0,0,0,0,1,100.0,0,1,1,0,0,0,0,0,1,0,0,0,0,0,1,0,0,0,0
287,1,0,0,0,0,0,1,1,17.0,0,1,1,0,0,0,0,0,1,0,0,0,0,0,1,0,0,0,0
288,1,0,0,0,0,0,0,0,2.0,0,0,1,0,0,0,0,0,0,1,0,0,0,0,1,0,0,0,0
289,1,0,0,1,0,0,0,0,19.0,1,0,0,0,0,0,0,0,0,1,0,0,0,0,0,0,0,1,0
290,1,0,0,0,0,0,0,0,19.0,0,0,0,1,1,0,0,0,0,1,0,0,0,0,0,0,0,0,1
291,0,0,0,1,0,0,0,0,19.0,1,0,0,0,0,0,0,0,0,1,0,0,0,0,0,0,1,0,0
292,0,1,0,0,0,0,0,1,35.0,1,0,0,0,0,0,0,0,0,1,0,0,0,0,0,0,0,0,1
293,1,0,1,0,0,1,0,0,19.0,0,0,0,0,0,0,0,0,0,1,1,0,0,0,0,0,0,0,0
294,0,0,0,0,1,0,0,1,35.0,1,0,0,0,0,0,0,0,0,1,0,0,0,0,0,0,0,0,1
295,1,0,0,0,0,0,0,0,19.0,0,0,0,1,1,0,0,0,0,1,0,0,0,0,0,0,0,0,1
296,0,0,0,1,1,0,0,0,19.0,1,0,0,0,0,0,0,0,0,1,0,0,0,0,0,0,0,0,1
297,1,0,0,0,0,0,0,0,19.0,0,0,0,1,1,0,0,0,0,1,0,0,0,0,0,0,0,0,1
298,1,0,1,0,0,0,0,0,19.0,0,0,0,0,0,0,0,0,0,1,0,0,0,1,0,0,0,0,0
299,1,0,0,0,0,0,0,0,19.0,0,0,0,0,0,0,0,0,0,1,0,0,0,0,0,0,0,1,0
300,1,0,0,0,1,0,0,0,19.0,1,0,0,0,0,0,0,0,0,1,0,0,0,0,0,0,0,1,0
301,0,0,0,0,0,0,0,0,19.0,1,0,0,0,0,0,0,0,0,1,0,0,0,0,0,0,0,0,1
302,1,0,1,0,0,0,0,0,19.0,0,0,0,0,0,0,0,0,0,1,0,0,0,0,0,0,0,0,1
303,1,0,0,0,1,0,0,0,19.0,1,0,0,0,0,0,0,0,0,1,0,0,0,0,0,0,0,0,1
304,0,0,0,1,0,0,0,0,19.0,1,0,0,0,0,0,0,0,0,1,0,0,0,0,0,0,0,1,0
305,0,0,0,0,0,0,1,1,45.0,0,0,1,0,1,0,0,0,0,1,0,0,0,0,0,0,0,1,0
306,1,0,0,1,1,0,0,0,19.0,1,0,0,0,0,0,0,0,0,1,0,0,0,0,0,0,0,0,1
307,1,0,0,0,1,0,0,0,19.0,1,0,0,0,0,0,0,0,0,1,0,0,0,0,0,0,0,1,0
308,1,0,0,0,1,0,0,1,42.0,1,0,0,0,0,0,0,0,0,1,0,0,0,0,0,0,0,1,0
309,0,0,0,0,1,0,1,0,19.0,1,0,0,0,1,0,0,0,0,1,0,0,0,0,0,0,0,1,0
310,0,0,0,0,0,1,0,0,19.0,1,0,0,0,0,0,0,0,0,1,0,0,0,0,0,0,0,1,0
311,1,0,0,0,1,1,1,1,56.0,0,1,1,0,0,0,1,0,0,0,0,0,0,0,0,0,0,1,0
312,0,0,0,0,0,0,0,0,21.0,0,0,1,0,0,0,0,0,0,1,0,0,1,0,0,0,0,0,0
313,0,1,0,0,0,0,0,0,19.0,1,0,0,0,0,0,0,0,0,1,0,0,0,0,0,0,0,1,0
314,0,0,0,0,1,0,1,0,19.0,1,0,0,0,0,0,0,0,0,1,0,0,0,0,0,0,0,1,0
315,0,0,1,1,0,0,0,0,19.0,1,0,0,0,0,0,0,0,0,1,0,0,0,0,0,0,0,1,0
316,0,0,1,0,0,0,0,0,19.0,1,0,0,0,0,0,0,0,0,1,0,0,0,0,0,0,0,0,1
317,0,0,0,0,1,0,0,1,35.0,1,0,0,0,0,0,0,0,0,1,0,0,0,0,0,0,0,1,0
318,1,0,1,0,0,0,0,1,42.0,0,0,0,0,0,0,0,0,0,1,0,0,0,0,0,0,0,1,0
319,1,0,0,0,0,0,0,1,42.0,1,0,0,0,0,0,0,0,0,1,0,0,0,0,0,0,0,1,0
320,1,0,0,0,1,0,0,0,19.0,1,0,0,0,0,0,0,0,0,1,0,0,0,0,0,0,0,0,1
321,1,0,1,0,0,0,0,1,42.0,1,0,0,0,0,0,0,0,0,1,0,0,0,0,0,0,0,0,1
322,1,0,1,0,0,0,0,1,42.0,1,0,0,0,0,0,0,0,0,1,0,0,0,0,0,0,1,0,0
323,1,0,0,0,0,0,0,0,19.0,1,0,0,0,0,0,0,0,0,1,0,0,0,0,0,0,0,0,1
324,1,0,0,1,1,1,0,0,19.0,1,0,0,0,0,0,0,0,0,1,0,0,0,0,0,0,1,0,0
325,0,0,0,0,0,0,0,0,19.0,1,0,0,0,0,0,0,0,0,1,0,0,0,0,0,1,0,0,0
326,1,0,0,1,1,0,0,1,42.0,1,0,0,0,0,0,0,0,0,1,0,0,0,0,0,0,0,1,0
327,1,0,0,1,0,0,0,0,19.0,1,0,0,0,0,0,0,0,0,1,0,0,0,0,0,0,0,0,1
328,1,0,0,0,0,0,0,1,42.0,1,0,0,0,0,0,0,0,0,1,0,0,0,0,0,0,0,1,0
329,0,1,0,0,0,0,0,0,19.0,1,0,0,0,0,0,0,0,0,1,0,0,0,0,0,0,0,0,1
330,1,0,0,0,0,0,0,1,0.0,0,1,0,0,0,0,0,0,1,0,0,0,0,0,1,0,0,0,0
331,0,0,0,0,0,0,0,1,35.0,1,1,0,0,0,0,1,0,0,0,0,0,0,0,1,0,0,0,0
332,1,0,0,0,1,0,0,0,19.0,1,0,0,0,0,0,0,0,0,1,0,0,0,0,0,0,0,1,0
333,1,0,0,1,0,0,1,1,39.0,0,1,1,0,1,0,0,0,1,0,0,0,0,0,1,0,0,0,0
334,0,0,1,0,1,0,0,0,19.0,1,0,0,0,0,0,0,0,0,1,0,0,0,1,0,0,0,0,0
335,1,0,1,1,0,0,0,0,19.0,0,0,0,0,0,0,0,0,0,1,0,0,0,0,0,0,1,0,0
336,1,0,1,0,0,0,0,0,19.0,1,0,0,0,0,0,0,0,0,1,0,0,0,0,0,0,0,0,1
337,0,0,0,0,0,1,0,0,19.0,1,0,0,0,0,0,0,0,0,1,0,0,0,0,0,0,0,1,0
338,1,0,1,0,0,0,0,0,19.0,1,0,0,0,0,0,0,0,0,1,0,0,0,1,0,0,0,0,0
339,0,1,0,0,0,0,0,0,19.0,1,0,0,0,0,0,0,0,0,1,0,0,0,0,0,0,1,0,0
340,1,0,0,0,1,1,0,0,19.0,1,0,0,0,0,0,0,0,0,1,0,0,0,0,0,0,1,0,0
341,1,1,0,0,0,0,0,0,19.0,1,0,0,0,0,0,0,0,0,1,0,0,0,0,0,0,0,1,0
342,1,0,0,1,0,0,0,1,6.0,1,0,1,0,0,0,0,0,0,1,0,0,0,0,0,0,0,0,1
343,0,0,0,0,1,0,0,0,19.0,1,0,0,0,0,0,0,0,0,1,0,0,0,0,0,0,0,1,0
344,0,0,0,1,0,0,0,0,19.0,1,0,0,0,0,0,0,0,0,1,0,0,0,0,0,0,0,0,1
345,1,0,0,1,0,0,0,1,42.0,1,0,0,0,0,0,0,0,0,1,0,0,0,0,0,0,0,1,0
346,0,0,0,0,1,0,0,0,19.0,1,0,0,0,0,0,0,0,0,1,0,0,0,0,0,0,0,0,1
347,0,0,0,1,1,0,0,0,22.0,1,0,1,0,0,0,0,0,0,1,0,0,0,0,0,0,0,0,1
348,1,0,0,0,1,0,0,0,12.0,1,0,1,0,0,0,0,0,0,1,0,0,0,0,0,0,0,0,1
349,1,0,1,0,1,0,0,0,19.0,1,0,0,0,0,0,0,0,0,1,0,0,0,0,0,0,0,1,0
350,1,0,0,0,0,1,0,0,19.0,1,0,0,0,0,0,0,0,0,1,0,0,0,0,0,0,0,1,0
351,0,0,0,0,1,0,0,1,35.0,0,0,0,0,0,0,0,0,0,1,0,0,0,0,0,0,0,1,0
352,0,0,0,0,1,0,0,1,35.0,1,0,0,0,0,0,0,0,0,1,0,0,0,0,0,0,0,0,1
353,1,0,1,0,0,0,0,0,19.0,1,0,0,0,0,0,0,0,0,1,0,0,0,0,0,0,0,0,1
354,1,0,1,0,0,0,0,0,19.0,1,0,0,0,0,0,0,0,0,1,0,0,0,0,0,0,0,0,1
355,0,0,0,0,1,0,0,0,19.0,1,0,0,0,0,0,0,0,0,1,0,0,0,0,0,0,0,0,1
356,1,0,0,0,0,0,0,1,42.0,1,0,0,0,0,0,0,0,0,1,0,0,1,0,0,0,0,0,0
357,0,0,0,0,1,0,0,0,19.0,1,0,0,0,0,0,0,0,0,1,0,0,0,0,0,0,0,0,1
358,1,0,0,0,1,0,0,0,19.0,1,0,0,0,0,0,0,0,0,1,0,0,0,0,0,0,0,1,0
359,0,0,0,0,1,1,0,0,19.0,1,0,0,0,0,0,0,0,0,1,0,0,0,0,0,0,0,1,0
360,1,0,0,1,0,0,0,1,42.0,1,0,0,0,0,0,0,0,0,1,0,0,0,0,0,0,0,1,0
361,1,0,0,1,0,0,0,0,19.0,1,0,0,0,0,0,0,0,0,1,0,0,0,0,0,0,0,0,1
362,0,1,0,0,0,0,0,0,19.0,1,0,0,0,0,0,0,0,0,1,0,0,0,0,0,0,0,0,1
363,0,0,0,0,0,1,0,0,19.0,1,0,0,0,0,0,0,0,0,1,0,0,0,0,0,0,0,1,0
364,0,0,0,0,1,0,0,0,19.0,1,0,0,0,0,0,0,0,0,1,0,0,0,0,0,0,0,0,1
365,0,0,0,1,0,0,0,0,19.0,1,0,0,0,0,0,0,0,0,1,0,0,0,0,0,0,0,0,1
366,0,1,0,0,0,0,0,0,19.0,1,0,0,0,1,0,0,0,0,1,0,0,0,0,0,0,0,0,1
367,1,0,0,1,1,0,0,0,19.0,1,0,0,0,0,0,0,0,0,1,0,0,0,0,0,0,0,0,1
368,0,0,0,0,0,0,0,0,19.0,1,0,0,0,0,0,0,0,0,1,0,0,0,0,0,0,0,0,1
369,1,0,1,1,0,0,0,0,19.0,1,0,0,0,0,0,0,0,0,1,0,0,0,0,0,0,1,0,0
370,0,0,0,1,1,0,0,0,19.0,1,0,0,0,0,0,0,0,0,1,0,0,0,0,0,0,0,0,1
371,1,1,0,0,0,0,0,0,19.0,1,0,0,0,0,0,0,0,0,1,0,0,0,0,0,0,1,0,0
372,1,0,0,0,1,0,0,0,19.0,1,0,0,0,0,0,0,0,0,1,0,0,0,0,0,0,0,1,0
373,1,0,0,0,0,1,0,0,19.0,1,0,0,0,0,0,0,0,0,1,0,0,0,0,0,0,0,0,1
374,1,0,0,1,1,0,0,0,21.0,1,0,1,0,0,0,0,0,0,1,0,0,0,0,0,0,0,0,1
375,1,0,1,0,0,0,0,1,42.0,1,1,0,0,0,0,0,0,0,0,0,0,0,1,0,0,0,0,0
376,1,1,1,0,0,0,0,0,19.0,1,0,0,0,0,0,0,0,0,1,0,0,0,0,0,0,0,0,1
377,1,0,1,0,0,0,0,1,42.0,1,0,0,0,0,0,0,0,0,1,0,0,0,1,0,0,0,0,0
378,1,0,1,0,0,0,1,1,42.0,1,0,0,0,0,0,0,0,0,1,0,0,0,1,0,0,0,0,0
379,1,1,1,0,0,0,0,0,19.0,1,0,0,0,0,0,0,0,0,1,0,0,0,0,0,0,0,0,1
380,0,0,0,0,1,0,0,0,19.0,1,0,0,0,0,0,0,0,0,1,0,0,0,0,0,0,0,0,1
381,0,0,0,1,1,0,0,0,19.0,1,0,0,0,0,0,0,0,0,1,0,0,0,0,0,0,0,1,0
382,1,0,0,1,0,0,0,1,42.0,1,0,0,0,0,0,0,0,0,1,0,0,0,0,0,0,0,0,0
383,0,0,0,0,0,1,0,0,19.0,1,0,0,0,0,0,0,0,0,1,0,0,0,0,0,0,0,0,1
384,1,0,0,0,0,1,0,0,19.0,1,0,0,0,0,0,0,0,0,1,0,0,0,0,0,0,0,0,1
385,1,0,0,0,1,1,0,0,19.0,1,0,0,0,0,0,0,0,0,1,0,0,0,0,0,0,0,0,1
386,0,0,1,1,0,0,0,0,19.0,0,0,0,0,0,0,0,0,0,1,0,0,0,0,0,0,1,0,0
387,0,0,0,0,0,0,0,0,19.0,1,0,0,0,0,0,0,0,0,1,0,0,0,0,0,0,0,0,1
388,1,0,0,1,0,0,0,0,85.0,1,0,1,0,0,0,0,0,0,1,0,0,0,0,0,0,0,1,0
389,1,0,0,0,0,0,0,1,42.0,1,0,0,0,0,0,0,0,0,1,0,0,0,0,0,0,0,1,0
390,1,0,0,0,0,1,0,0,19.0,1,0,0,0,0,0,0,0,0,1,0,0,0,0,0,0,0,0,1
391,0,1,0,0,0,0,0,0,19.0,1,0,0,0,0,0,0,0,0,1,0,0,0,0,0,0,0,0,1
392,1,1,0,0,0,0,0,0,19.0,1,0,0,0,0,0,0,0,0,1,0,0,0,0,0,0,0,0,1
393,1,0,0,1,0,0,0,1,42.0,0,0,0,0,0,0,0,0,0,1,0,0,0,0,0,0,1,0,0
394,1,0,0,0,0,0,0,1,42.0,1,0,0,0,0,0,0,0,0,1,0,0,0,0,0,0,0,0,1
395,0,0,0,0,1,1,0,1,35.0,1,0,0,0,0,0,0,0,0,1,0,0,0,0,0,0,0,1,0
396,1,0,1,1,0,0,0,0,19.0,1,0,0,0,0,0,0,0,0,1,1,0,0,0,0,0,0,0,0
397,1,0,0,1,0,0,0,1,42.0,0,1,0,0,0,0,1,0,0,0,0,0,0,0,0,0,0,1,0
398,0,0,1,0,0,0,0,0,19.0,1,0,0,0,0,0,0,0,0,1,0,0,0,1,0,0,0,0,0
399,0,0,1,0,0,0,0,1,35.0,1,0,0,0,0,0,0,0,0,1,0,1,0,0,0,0,0,0,0
400,0,0,0,0,1,0,0,0,19.0,1,0,0,0,0,0,0,0,0,1,0,0,0,0,0,0,0,0,1
401,0,0,0,1,1,0,0,0,19.0,1,0,0,0,0,0,0,0,0,1,0,0,0,0,0,0,0,1,0
402,0,0,0,1,1,0,0,0,19.0,1,0,0,0,0,0,0,0,0,1,0,0,0,0,0,0,0,0,1
403,0,0,0,0,1,0,0,0,19.0,1,0,0,0,0,0,0,0,0,1,0,0,0,0,0,0,0,1,0
404,0,0,0,0,1,0,0,1,35.0,1,0,0,0,0,0,0,0,0,1,0,0,0,0,0,0,0,0,1
405,0,0,0,0,1,0,0,0,19.0,1,0,0,0,0,0,0,0,0,1,0,0,0,0,0,0,0,1,0
406,0,0,0,0,0,1,0,0,19.0,1,0,0,0,0,0,0,0,0,1,0,0,0,0,0,0,0,1,0
407,1,0,0,0,1,0,0,1,42.0,0,0,0,0,0,0,0,0,0,1,0,0,0,0,0,0,0,1,0
408,0,0,0,1,0,0,0,0,19.0,1,0,0,0,0,0,0,0,0,1,0,0,0,0,0,0,0,1,0
409,1,0,0,0,0,0,0,1,42.0,1,0,0,0,0,0,0,0,0,1,0,0,0,0,0,0,0,1,0
410,0,0,0,0,1,0,0,1,35.0,1,0,0,0,0,0,0,0,0,1,0,0,0,0,0,0,0,0,1
411,0,0,0,0,0,0,1,1,35.0,0,0,1,0,1,0,0,0,0,1,0,0,0,0,0,0,0,1,0
412,0,1,1,0,0,1,0,0,19.0,1,0,0,0,0,0,0,0,0,1,0,0,0,0,0,0,0,1,0
413,1,1,0,0,0,0,0,0,19.0,0,0,0,0,0,0,0,0,0,1,0,0,0,0,0,0,0,0,1
414,1,0,0,0,1,0,0,1,42.0,1,0,0,0,0,0,0,0,0,1,0,0,0,0,0,0,0,1,0
415,0,0,0,0,0,0,0,1,35.0,1,0,0,0,0,0,0,0,0,1,0,0,0,0,0,0,0,1,0
416,1,0,0,0,1,0,0,1,42.0,1,0,0,0,0,0,0,0,0,1,0,0,0,0,0,0,0,1,0
417,1,0,0,0,1,0,0,1,54.0,1,0,1,0,0,0,0,0,0,1,0,0,0,0,0,0,0,0,1
418,0,0,0,0,0,0,0,1,35.0,1,0,0,0,0,0,0,0,0,1,0,0,0,0,0,0,0,1,0
419,1,0,0,0,0,0,0,1,42.0,1,0,0,0,0,0,0,0,0,1,0,0,0,0,0,0,0,1,0
420,1,0,1,0,0,0,0,1,42.0,1,0,0,0,0,0,0,0,0,1,0,0,0,0,0,0,0,1,0
421,1,0,0,1,0,0,0,0,19.0,1,0,0,0,0,0,0,0,0,1,0,0,0,0,0,0,0,0,1
422,1,1,0,0,0,0,0,0,19.0,0,0,0,0,0,0,0,0,0,1,0,0,0,0,0,0,0,1,0
423,1,1,0,0,0,0,0,0,19.0,1,0,0,0,0,0,0,0,0,1,0,0,0,0,0,0,0,1,0
424,0,0,0,0,0,0,0,1,35.0,1,0,0,0,0,0,0,0,0,1,0,0,0,0,0,0,0,1,0
425,1,0,0,0,1,0,0,0,19.0,1,0,0,0,0,0,0,0,0,1,0,0,0,0,0,0,0,0,1
426,0,0,0,0,1,0,0,1,35.0,1,0,0,0,0,0,0,0,0,1,0,0,0,0,0,0,0,1,0
427,1,0,0,0,0,1,0,0,56.0,1,0,1,0,0,0,0,0,0,1,0,0,0,0,0,0,0,1,0
428,1,0,1,0,0,0,0,0,19.0,1,0,0,0,0,0,0,0,0,1,0,0,0,0,0,0,0,0,1
429,1,1,0,0,0,0,0,0,19.0,1,0,0,0,0,0,0,0,0,1,0,0,0,0,0,0,0,1,0
430,0,0,0,0,0,0,1,1,28.0,0,0,1,0,0,0,0,0,0,1,0,0,0,0,1,0,0,0,0
431,1,0,0,0,0,0,0,1,100.0,0,0,1,0,0,0,0,0,0,1,0,0,0,0,1,0,0,0,0
432,0,0,0,0,0,1,1,1,100.0,0,0,1,0,1,0,0,0,0,1,0,0,0,0,1,0,0,0,0
433,1,0,0,0,0,0,0,0,19.0,0,0,0,1,1,0,0,0,0,1,0,0,0,0,0,0,0,0,1
434,0,0,0,0,0,0,1,1,100.0,0,0,1,0,1,0,0,0,0,1,0,0,0,0,1,0,0,0,0
435,0,1,0,0,0,0,0,1,35.0,1,0,0,0,0,0,0,0,0,1,0,0,0,0,0,0,0,0,1
436,1,0,0,0,0,0,0,1,16.0,0,0,1,0,0,0,0,0,0,1,0,0,0,0,1,0,0,0,0
437,1,0,0,0,1,0,0,0,19.0,1,0,0,0,0,0,0,0,0,1,0,0,0,0,0,0,0,1,0
438,1,0,1,0,1,0,1,1,31.0,0,1,1,0,0,0,0,0,1,0,0,0,0,0,1,0,0,0,0
439,1,0,0,0,0,0,0,0,19.0,0,0,0,1,1,0,0,0,0,1,0,0,0,0,0,0,0,0,1
440,1,0,0,0,0,0,0,0,19.0,1,0,0,0,0,0,0,0,0,1,0,0,1,0,0,0,0,0,0
441,0,0,0,0,1,0,0,0,19.0,1,0,0,0,0,0,0,0,0,1,0,0,0,0,0,0,0,1,0
442,0,0,1,0,0,0,0,0,19.0,1,0,0,0,0,0,0,0,0,1,0,0,0,0,0,0,0,1,0
443,1,0,0,0,0,0,1,1,42.0,0,0,0,0,0,0,0,0,0,1,0,1,0,0,0,0,0,0,0
444,1,0,0,1,1,0,0,0,19.0,1,0,0,0,0,0,0,0,0,1,0,0,0,0,0,0,0,0,1
445,1,0,0,0,0,0,1,0,61.0,1,0,1,0,0,0,0,0,0,1,0,1,0,0,0,0,0,0,0
446,0,0,0,0,0,0,0,1,35.0,1,1,0,0,0,1,0,0,0,0,0,0,0,0,0,0,0,1,0
447,1,0,0,1,0,0,0,0,19.0,1,0,0,0,0,0,0,0,0,1,0,0,0,0,0,0,0,1,0
448,0,0,0,0,1,0,0,0,19.0,1,0,0,0,0,0,0,0,0,1,0,0,0,0,0,0,0,0,1
449,0,0,0,1,1,0,0,0,16.0,0,0,1,0,0,0,0,0,0,1,0,0,0,0,0,0,0,0,1
450,0,0,0,0,1,0,0,1,35.0,1,0,0,0,0,0,0,0,0,1,0,0,0,0,0,0,0,0,1
451,1,0,0,0,1,0,0,0,18.0,1,0,1,0,0,0,0,0,0,1,0,0,0,0,0,0,0,0,1
452,1,0,0,1,1,0,0,1,42.0,1,0,0,0,0,0,0,0,0,1,0,0,0,0,0,0,0,1,0
453,1,0,0,0,1,0,0,0,19.0,1,0,0,0,0,0,0,0,0,1,0,0,0,0,0,0,0,1,0
454,1,0,0,0,1,0,0,0,19.0,1,0,0,0,0,0,0,0,0,1,0,0,0,0,0,0,0,1,0
455,0,0,0,0,1,0,1,0,19.0,1,0,0,0,0,0,0,0,0,1,0,0,0,0,0,0,0,1,0
456,0,0,0,0,0,1,0,1,35.0,1,0,0,0,0,0,0,0,0,1,0,0,0,0,0,0,0,0,1
457,1,0,0,1,0,0,0,0,19.0,0,0,0,0,0,0,0,0,0,1,0,0,0,0,0,0,1,0,0
458,1,0,0,1,1,0,0,0,19.0,1,0,0,0,0,0,0,0,0,1,0,0,0,0,0,0,0,1,0
459,1,0,1,0,0,0,0,0,19.0,0,0,0,0,0,0,0,0,0,1,0,0,0,0,0,0,0,0,1
460,1,0,0,0,1,0,0,0,19.0,1,0,0,0,0,0,0,0,0,1,0,0,0,0,0,0,0,1,0
461,1,0,0,0,1,0,0,0,19.0,1,0,0,0,0,0,0,0,0,1,1,0,0,0,0,0,0,0,0
462,0,0,1,0,0,1,1,1,50.0,0,0,1,0,0,0,0,0,0,1,0,0,0,0,0,0,0,1,0
463,1,0,0,1,1,1,0,0,19.0,1,0,0,0,0,0,0,0,0,1,0,0,0,0,0,0,1,0,0
464,0,1,0,0,0,0,0,0,19.0,1,0,0,0,0,0,0,0,0,1,0,0,0,1,0,0,0,0,0
465,0,0,0,1,0,0,0,0,19.0,1,0,0,0,0,0,0,0,0,1,0,0,0,0,0,0,0,0,1
466,0,0,0,0,1,0,0,0,19.0,1,0,0,0,0,0,0,0,0,1,0,1,0,0,0,0,0,0,0
467,0,0,0,1,0,0,0,0,19.0,0,0,0,0,0,0,0,0,0,1,0,0,0,0,0,0,1,0,0
468,1,0,1,0,0,0,0,0,19.0,1,0,0,0,0,0,0,0,0,1,0,0,0,0,0,0,0,0,1
469,0,0,0,0,0,1,0,1,35.0,1,0,0,0,0,0,0,0,0,1,0,0,0,0,0,0,0,0,1
470,1,0,1,0,0,0,0,0,19.0,0,0,0,0,0,0,0,0,0,1,1,0,0,0,0,0,0,0,0
471,1,0,0,1,0,0,0,1,42.0,1,0,0,0,0,0,0,0,0,1,0,0,0,0,0,0,0,0,1
472,1,0,0,1,1,1,0,0,19.0,1,0,0,0,0,0,0,0,0,1,0,0,0,0,0,0,0,0,1
473,0,0,1,0,0,0,0,1,35.0,1,0,0,0,0,0,0,0,0,1,0,1,0,0,0,0,0,0,0
474,1,0,0,0,0,0,0,0,19.0,1,0,0,0,0,0,0,0,0,1,0,0,0,0,0,0,0,0,1
475,0,0,0,1,1,0,1,0,19.0,1,0,0,0,0,0,0,0,0,1,0,0,0,0,0,0,0,0,1
476,1,0,1,0,0,0,0,0,19.0,0,0,0,0,0,0,0,0,0,1,0,0,0,0,0,0,0,1,0
477,1,0,0,1,0,0,0,0,19.0,0,0,0,0,0,0,0,0,0,1,0,0,0,0,0,0,1,0,0
478,1,0,0,1,1,1,1,1,39.0,0,1,1,0,1,0,0,0,1,0,0,0,0,0,1,0,0,0,0
479,1,0,0,0,1,0,0,1,42.0,1,1,0,0,0,0,1,0,0,0,0,0,0,0,0,0,0,1,0
480,1,0,0,0,0,0,0,1,42.0,1,0,0,0,0,0,0,0,0,1,0,0,0,0,0,0,0,1,0
481,0,0,0,0,1,0,0,1,35.0,1,0,0,0,0,0,0,0,0,1,0,0,0,0,0,0,0,1,0
482,1,0,0,0,0,0,0,1,42.0,0,0,0,0,0,0,0,0,0,1,0,0,1,0,0,0,0,0,0
483,1,0,1,0,0,0,0,0,19.0,1,0,0,0,0,0,0,0,0,1,0,0,0,0,0,0,0,1,0
484,0,0,0,0,1,0,0,0,19.0,1,0,0,0,0,0,0,0,0,1,0,0,0,0,0,0,0,1,0
485,0,0,1,0,0,1,0,0,19.0,1,0,0,0,0,0,0,0,0,1,0,0,0,0,0,0,0,1,0
486,1,0,1,0,0,0,0,0,19.0,1,0,0,0,0,0,0,0,0,1,0,0,0,0,0,0,0,0,1
487,1,0,0,0,1,0,0,0,19.0,1,0,0,0,0,0,0,0,0,1,0,0,0,0,0,0,0,1,0
488,0,0,0,0,0,0,1,1,70.0,0,0,1,0,1,0,0,0,0,1,0,0,0,0,1,0,0,0,0
489,0,0,0,1,0,0,0,1,35.0,1,0,0,0,0,0,0,0,0,1,0,0,0,0,0,0,0,1,0
490,1,0,1,0,0,0,0,0,19.0,1,0,0,0,0,0,0,0,0,1,0,0,0,0,0,0,0,1,0
491,0,0,0,0,0,1,0,0,19.0,0,0,0,0,0,0,0,0,0,1,0,0,0,0,0,0,0,1,0
492,0,0,0,0,1,0,0,0,45.0,1,0,1,0,0,0,0,0,0,1,0,0,0,0,0,0,0,0,1
493,0,0,0,0,1,0,1,1,35.0,1,0,0,0,0,0,0,0,0,1,0,0,0,0,0,0,0,1,0
494,1,0,0,1,1,1,0,0,19.0,1,0,0,0,0,0,0,0,0,1,0,0,0,0,0,0,1,0,0
495,0,0,1,0,0,0,0,0,19.0,1,0,0,0,0,0,0,0,0,1,0,0,0,0,0,0,0,0,1
496,0,0,0,0,1,0,0,0,19.0,1,0,0,0,0,0,0,0,0,1,0,0,0,0,0,0,0,1,0
497,0,0,1,0,0,0,0,0,19.0,1,0,0,0,0,0,0,0,0,1,0,0,0,0,0,0,0,1,0
498,1,0,0,0,1,1,1,1,94.0,1,1,1,0,0,0,1,0,0,0,0,0,0,0,0,0,0,1,0
499,1,0,0,1,0,0,0,1,42.0,1,0,0,0,0,0,0,0,0,1,0,0,0,0,0,0,0,0,1
500,0,0,0,1,0,0,0,1,35.0,1,1,0,0,0,0,0,0,0,0,0,0,0,0,0,0,0,0,1
501,1,0,0,1,1,0,0,0,19.0,1,0,0,0,0,0,0,0,0,1,0,0,0,0,0,0,0,0,1
502,0,0,0,0,0,0,0,0,19.0,1,0,0,0,0,0,0,0,0,1,0,0,0,0,0,1,0,0,0
503,1,0,1,0,0,0,0,0,19.0,1,0,0,0,0,0,0,0,0,1,0,0,0,0,0,0,0,0,1
504,0,0,0,0,1,0,0,0,19.0,1,0,0,0,0,0,0,0,0,1,0,0,0,0,0,0,0,1,0
505,1,0,0,0,0,0,0,0,19.0,1,0,0,0,0,0,0,0,0,1,0,0,0,0,0,0,0,1,0
506,0,0,0,0,0,1,0,1,35.0,1,0,0,0,0,0,0,0,0,1,0,0,0,0,0,0,0,0,1
507,1,0,0,0,0,0,0,0,19.0,1,0,0,1,1,0,0,0,0,1,0,0,0,0,0,0,0,0,1
508,0,0,0,0,1,0,0,1,35.0,1,0,0,0,0,0,0,0,0,1,0,0,0,0,0,0,0,1,0
509,0,0,0,1,0,0,0,0,19.0,1,0,0,0,0,0,0,0,0,1,0,0,0,0,0,0,0,0,1
510,0,0,0,1,1,0,1,0,19.0,1,0,0,0,0,0,0,0,0,1,0,0,0,0,0,0,0,0,1
511,0,0,0,0,0,0,0,0,19.0,1,0,0,0,0,0,0,0,0,1,0,0,0,0,0,0,0,0,1
512,1,1,0,0,0,0,0,1,42.0,0,0,0,0,0,0,0,0,0,1,0,0,0,0,0,0,0,0,1
513,1,0,0,1,0,0,0,0,19.0,1,0,0,0,0,0,0,0,0,1,0,0,0,0,0,0,1,0,0
514,1,0,0,0,1,0,0,0,19.0,1,0,0,0,0,0,0,0,0,1,0,0,0,0,0,0,0,0,1
515,1,0,0,0,0,1,0,0,19.0,0,0,0,0,0,0,0,0,0,1,0,0,0,0,0,0,0,0,1
516,0,0,0,0,1,0,0,0,19.0,1,0,0,0,0,0,0,0,0,1,0,0,0,0,0,0,0,0,1
517,0,1,1,1,0,0,0,0,19.0,1,0,0,0,0,0,0,0,0,1,0,0,0,1,0,0,0,0,0
518,1,0,0,0,0,0,0,1,42.0,1,0,0,0,0,0,0,0,0,1,0,0,0,0,0,0,0,0,1
519,0,0,0,0,1,0,0,1,35.0,1,0,0,0,0,0,0,0,0,1,0,0,0,0,0,0,0,0,1
520,0,0,1,0,1,0,0,0,19.0,1,0,0,0,0,0,0,0,0,1,0,0,0,0,0,0,0,1,0
521,1,0,0,0,0,0,0,1,42.0,1,0,0,0,0,0,0,0,0,1,0,0,0,0,0,0,0,0,1
522,1,0,0,1,0,0,0,0,19.0,1,0,0,0,0,0,0,0,0,1,0,0,0,0,0,0,0,0,1
523,1,0,0,0,0,0,0,1,42.0,1,0,0,0,0,0,0,0,0,1,0,0,0,0,0,0,0,0,1
524,1,0,0,1,0,0,0,1,42.0,1,0,0,0,0,0,0,0,0,1,0,0,0,0,0,0,0,1,0
525,0,0,0,0,1,0,0,1,35.0,1,0,0,0,0,0,0,0,0,1,0,0,0,0,0,0,0,0,1
526,1,0,1,0,0,0,0,0,19.0,1,0,0,0,0,0,0,0,0,1,0,0,0,1,0,0,0,0,0
527,1,0,0,0,1,1,0,0,19.0,1,0,0,0,0,0,0,0,0,1,0,0,0,0,0,0,0,1,0
528,0,0,0,0,0,0,0,0,19.0,1,0,0,0,0,0,0,0,0,1,0,0,0,0,0,0,0,0,1
529,0,0,0,1,0,0,0,0,19.0,0,0,0,0,0,0,0,0,0,1,0,0,0,0,0,0,1,0,0
530,0,0,0,0,1,1,0,1,35.0,1,0,0,0,0,0,0,0,0,1,0,0,0,0,0,0,0,1,0
531,0,0,0,0,0,1,0,0,19.0,1,0,0,0,0,0,0,0,0,1,0,0,0,0,0,0,0,0,1
532,1,0,1,0,0,1,0,0,19.0,0,0,0,0,0,0,0,0,0,1,1,0,0,0,0,0,0,0,0
533,0,0,1,0,0,0,0,0,19.0,1,0,0,0,0,0,0,0,0,1,0,0,0,0,0,0,0,0,1
534,1,0,0,0,0,0,1,1,42.0,0,0,0,0,0,0,0,0,0,1,0,1,0,0,0,0,0,0,0
535,1,0,0,1,0,1,0,1,42.0,1,1,0,0,0,0,1,0,0,0,0,0,0,0,0,0,0,0,1
536,1,0,0,0,1,0,0,1,42.0,1,0,0,0,0,0,0,0,0,1,0,0,0,0,0,0,0,0,1
537,1,1,0,0,0,0,0,1,42.0,0,0,0,0,0,0,0,0,0,1,0,0,0,0,0,0,0,1,0
538,1,0,0,0,0,0,0,1,100.0,0,0,1,0,0,0,0,0,0,1,0,0,0,0,0,0,0,0,1
539,0,0,0,1,1,1,0,0,19.0,1,0,0,0,0,0,0,0,0,1,0,0,0,0,0,0,1,0,0
540,1,1,0,0,0,0,0,0,19.0,1,0,0,0,0,0,0,0,0,1,0,1,0,0,0,0,0,0,0
541,1,0,0,0,1,0,0,0,19.0,1,0,0,0,0,0,0,0,0,1,0,0,0,0,0,0,0,1,0
542,1,1,0,0,0,0,1,0,19.0,1,0,0,0,0,0,0,0,0,1,0,0,0,0,0,0,0,1,0
543,1,0,0,0,0,0,0,1,42.0,1,0,0,0,0,0,0,0,0,1,0,0,0,0,0,0,0,1,0
544,1,0,0,1,0,0,0,1,42.0,0,1,0,0,0,0,0,1,0,0,0,0,0,0,0,0,0,0,1
545,1,0,0,0,0,1,0,0,19.0,1,0,0,0,0,0,0,0,0,1,0,0,0,0,0,0,0,1,0
546,1,0,0,0,0,0,0,0,19.0,1,0,0,0,0,0,0,0,0,1,0,0,0,0,0,0,0,0,1
547,1,0,0,0,0,1,0,0,19.0,1,0,0,0,0,0,0,0,0,1,0,0,0,0,0,0,0,0,1
548,1,0,0,0,1,1,0,0,19.0,1,0,0,0,0,0,0,0,0,1,0,0,0,0,0,0,0,1,0
549,1,0,0,0,0,0,0,0,19.0,1,0,0,0,0,0,0,0,0,1,0,0,0,0,0,0,0,0,1
550,1,0,0,0,0,0,0,0,19.0,1,0,0,0,0,0,0,0,0,1,0,0,0,0,0,0,0,0,1
551,0,0,0,1,1,0,0,0,19.0,1,0,0,0,0,0,0,0,0,1,0,0,0,0,0,0,0,0,1
552,0,0,0,1,0,0,0,0,19.0,1,0,0,0,0,0,0,0,0,1,0,0,0,0,0,0,0,1,0
553,0,0,0,0,0,1,0,0,19.0,1,0,0,0,0,0,0,0,0,1,0,0,0,0,0,0,0,0,1
554,0,0,0,0,1,0,0,1,35.0,1,0,0,0,0,0,0,0,0,1,0,0,0,0,0,0,0,0,1
555,1,0,0,0,1,0,0,1,42.0,1,0,0,0,0,0,0,0,0,1,0,0,0,0,0,0,0,1,0
556,0,1,0,0,0,0,0,0,19.0,1,0,0,0,0,0,0,0,0,1,0,0,0,0,0,0,0,1,0
557,0,0,0,0,1,0,0,1,35.0,1,0,0,0,0,0,0,0,0,1,0,0,0,0,0,0,0,0,1
558,1,0,0,0,1,0,0,1,42.0,1,0,0,0,0,0,0,0,0,1,0,0,0,0,0,0,0,1,0
559,0,0,0,1,0,0,0,1,35.0,1,0,0,0,0,0,0,0,0,1,0,0,0,0,0,0,0,1,0
560,0,0,0,0,1,0,0,0,19.0,1,0,0,0,0,0,0,0,0,1,0,0,0,0,0,0,0,1,0
561,0,0,0,0,1,0,0,1,35.0,1,0,0,0,0,0,0,0,0,1,0,0,0,0,0,0,0,1,0
562,1,0,0,0,1,0,0,0,19.0,1,0,0,0,0,0,0,0,0,1,0,0,0,0,0,0,0,0,1
563,1,0,0,0,1,0,0,0,19.0,1,0,0,0,0,0,0,0,0,1,0,0,0,0,0,0,0,1,0
564,0,0,0,0,1,0,0,0,19.0,1,0,0,0,0,0,0,0,0,1,0,0,0,0,0,0,0,1,0
565,1,0,0,0,1,0,0,0,19.0,1,0,0,0,0,0,0,0,0,1,0,0,0,0,0,0,0,1,0
566,1,0,0,0,1,0,0,0,19.0,1,0,0,0,0,0,0,0,0,1,0,0,0,0,0,0,0,0,1
567,1,0,0,0,0,0,0,0,19.0,1,0,0,0,0,0,0,0,0,1,0,0,0,0,0,0,0,0,1
568,1,0,1,0,0,1,0,0,19.0,0,0,0,0,0,0,0,0,0,1,1,0,0,0,0,0,0,0,0
569,1,0,0,0,0,1,0,0,19.0,1,0,0,0,0,0,0,0,0,1,0,0,0,0,0,0,0,0,1
570,0,0,0,0,1,0,0,0,19.0,1,0,0,0,0,0,0,0,0,1,0,0,0,0,0,0,0,1,0
571,0,1,0,0,0,0,0,0,19.0,0,0,0,0,0,0,0,0,0,1,0,0,0,0,0,0,0,0,1
572,1,0,0,0,0,1,0,0,19.0,1,0,0,0,0,0,0,0,0,1,0,0,0,0,1,0,0,0,0
573,0,0,0,0,0,0,0,1,35.0,1,0,0,0,0,0,0,0,0,1,0,0,0,0,0,0,0,1,0
574,0,0,0,1,1,1,0,0,19.0,0,0,0,0,0,0,0,0,0,1,0,0,0,0,0,0,0,0,1
575,1,1,1,0,1,0,1,1,42.0,0,0,0,0,0,0,0,0,0,1,0,0,0,0,0,0,0,1,0
576,1,0,0,0,0,1,0,0,19.0,0,0,0,0,0,0,0,0,0,1,0,0,0,0,0,0,0,0,1
577,1,0,0,0,0,0,0,0,19.0,1,0,0,0,0,0,0,0,0,1,0,0,0,0,0,0,1,0,0
578,1,0,0,1,0,0,0,1,42.0,0,0,0,0,0,0,0,0,0,1,0,0,0,0,0,0,0,1,0
579,1,0,0,0,0,1,0,0,19.0,1,0,0,0,0,0,0,0,0,1,0,0,0,0,0,0,0,0,1
580,1,0,0,0,0,1,0,0,19.0,1,0,0,0,0,0,0,0,0,1,0,0,0,0,0,0,0,0,1
581,1,0,0,0,1,0,0,0,19.0,1,0,0,0,0,0,0,0,0,1,0,0,0,0,0,0,0,1,0
582,1,0,0,0,1,0,0,0,19.0,1,0,0,0,0,0,0,0,0,1,0,0,0,0,0,0,0,1,0
583,1,0,0,0,1,0,0,0,19.0,1,0,0,0,0,0,0,0,0,1,1,0,0,0,0,0,0,0,0
584,0,0,0,0,1,0,0,1,35.0,1,0,0,0,0,0,0,0,0,1,0,0,0,0,0,0,0,0,1
585,0,0,1,0,0,0,0,0,19.0,0,0,0,0,0,0,0,0,0,1,0,0,0,0,0,0,0,1,0
586,0,0,1,0,0,0,0,0,19.0,0,0,0,0,0,0,0,0,0,1,0,0,0,0,0,0,0,1,0
587,1,0,0,0,0,0,0,0,19.0,1,0,0,0,0,0,0,0,0,1,0,0,0,0,0,0,0,0,1
588,1,0,0,0,1,1,0,0,19.0,1,0,0,0,0,0,0,0,0,1,0,0,0,0,0,0,0,0,1
589,0,0,0,0,1,0,0,0,19.0,0,0,0,0,0,0,0,0,0,1,0,0,0,0,0,0,0,1,0
590,1,0,0,0,0,0,0,1,42.0,1,0,0,0,0,0,0,0,0,1,0,0,1,0,0,0,0,0,0
591,0,0,0,0,1,0,0,1,35.0,1,0,0,0,0,0,0,0,0,1,0,0,0,0,0,0,0,1,0
592,1,0,0,1,0,1,0,0,19.0,0,0,0,0,0,0,0,0,0,1,0,0,0,0,0,0,0,0,1
593,1,0,0,0,0,0,0,0,19.0,1,0,0,0,0,0,0,0,0,1,0,0,0,0,0,0,0,0,1
594,1,0,1,0,0,0,0,0,19.0,1,0,0,0,0,0,0,0,0,1,0,0,0,1,0,0,0,0,0
595,1,0,0,0,0,1,0,0,19.0,1,0,0,0,0,0,0,0,0,1,0,0,0,0,0,0,0,1,0
596,1,0,0,1,1,0,0,1,42.0,1,0,0,0,0,0,0,0,0,1,0,0,0,0,0,0,0,1,0
597,0,0,0,0,0,0,0,0,100.0,0,0,1,0,0,0,0,0,0,1,0,0,0,0,0,0,0,1,0
598,0,0,0,0,1,0,0,1,35.0,1,0,0,0,0,0,0,0,0,1,0,0,0,0,0,0,0,0,1
599,0,0,0,1,1,0,0,0,19.0,1,0,0,0,0,0,0,0,0,1,0,0,0,0,0,0,0,0,1
600,0,0,1,1,1,0,0,0,19.0,1,0,0,0,0,0,0,0,0,1,1,0,0,0,0,0,0,0,0
601,1,0,0,1,1,0,0,0,19.0,1,0,0,0,0,0,0,0,0,1,0,0,0,0,0,0,0,0,1
602,0,0,0,0,0,0,0,0,19.0,1,0,0,0,0,0,0,0,0,1,0,0,0,0,0,0,0,1,0
603,0,0,0,0,1,0,0,1,35.0,1,0,0,0,0,0,0,0,0,1,0,0,0,0,0,0,0,1,0
604,0,0,1,0,0,0,0,0,19.0,0,0,0,0,0,0,0,0,0,1,0,0,0,0,0,0,0,1,0
605,0,1,0,0,0,0,0,0,19.0,0,0,0,0,0,0,0,0,0,1,0,0,0,1,0,0,0,0,0
606,1,0,0,0,1,0,0,0,19.0,1,0,0,0,0,0,0,0,0,1,0,0,0,0,0,0,0,0,1
607,1,0,0,0,1,0,0,0,19.0,1,0,0,0,0,0,0,0,0,1,0,0,0,0,0,0,0,1,0
608,1,0,1,0,0,0,0,0,19.0,1,0,0,0,0,0,0,0,0,1,0,0,0,0,0,0,0,0,1
609,0,0,0,0,1,0,0,0,19.0,1,0,0,0,0,0,0,0,0,1,0,1,0,0,0,0,0,0,0
610,0,0,1,0,0,0,0,0,19.0,1,0,0,0,0,0,0,0,0,1,0,0,0,0,0,0,0,1,0
611,1,0,0,1,1,1,0,0,19.0,1,0,0,0,0,0,0,0,0,1,0,0,0,0,0,0,1,0,0
612,0,0,0,0,1,0,0,1,35.0,1,0,0,0,0,0,0,0,0,1,0,0,0,0,0,0,0,1,0
613,1,0,0,0,0,1,0,1,42.0,1,0,0,0,0,0,0,0,0,1,0,0,0,0,0,0,0,1,0
614,0,0,0,0,0,0,0,1,35.0,1,0,0,0,0,0,0,0,0,1,0,0,0,0,0,0,0,0,1
615,1,0,0,1,1,0,1,0,19.0,1,0,0,0,0,0,0,0,0,1,0,0,0,0,0,0,0,0,1
616,1,0,0,0,1,0,0,1,65.0,1,0,1,0,0,0,0,0,0,1,0,0,0,0,0,0,0,0,1
617,1,0,1,1,0,0,0,0,19.0,1,0,0,0,0,0,0,0,0,1,0,0,0,0,0,0,0,0,1
618,1,0,0,0,0,0,0,1,6.0,0,1,1,0,0,0,0,0,1,0,0,0,0,0,1,0,0,0,0
619,0,0,0,0,0,0,1,1,10.0,0,0,1,0,0,0,0,0,0,1,0,0,0,0,1,0,0,0,0
620,0,1,0,0,0,0,0,0,19.0,1,0,0,0,0,0,0,0,0,1,0,0,0,0,0,0,0,1,0
621,1,0,0,0,0,0,0,0,19.0,0,0,0,0,0,0,0,0,0,1,0,0,0,0,0,0,0,0,1
622,1,0,0,0,1,0,0,0,6.0,1,0,1,0,0,0,0,0,0,1,0,0,0,0,0,0,0,0,0
623,1,0,0,0,0,0,0,0,19.0,0,0,0,1,1,0,0,0,0,1,0,0,0,0,0,0,0,0,1
624,0,0,0,0,1,0,0,0,19.0,0,0,0,0,0,0,0,0,0,1,0,0,0,0,0,0,0,0,1
625,1,0,0,1,0,0,0,0,19.0,1,0,0,0,0,0,0,0,0,1,0,0,0,0,0,0,0,1,0
626,1,0,0,0,1,0,0,0,19.0,1,0,0,0,0,0,0,0,0,1,0,0,0,0,0,0,0,1,0
627,0,0,0,1,0,0,0,0,19.0,1,0,0,0,0,0,0,0,0,1,0,0,0,0,0,0,0,1,0
628,1,0,0,0,1,0,0,1,42.0,1,0,0,0,0,0,0,0,0,1,0,0,0,0,0,0,0,1,0
629,1,0,1,0,0,0,0,0,19.0,1,0,0,0,0,0,0,0,0,1,0,0,0,0,0,0,0,1,0
630,0,0,0,0,0,1,0,0,19.0,1,0,0,0,0,0,0,0,0,1,0,0,0,0,0,0,0,1,0
631,0,0,0,0,0,0,0,0,19.0,1,0,0,0,0,0,0,0,0,1,0,0,1,0,0,0,0,0,0
632,0,0,0,0,1,0,1,0,19.0,1,0,0,0,0,0,0,0,0,1,0,0,0,0,0,0,0,1,0
633,0,0,0,0,1,0,0,0,24.0,1,0,1,0,0,0,0,0,0,1,0,0,0,0,0,0,0,1,0
634,0,0,0,1,0,0,0,0,19.0,1,0,0,0,0,0,0,0,0,1,0,0,0,0,0,0,0,1,0
635,0,0,0,1,0,0,1,1,20.0,0,0,1,0,0,0,0,0,0,1,0,0,0,0,0,0,0,1,0
636,1,0,0,0,0,0,0,0,100.0,0,0,1,0,0,0,0,0,0,1,0,0,0,0,0,0,0,0,1
637,0,0,0,1,1,0,1,1,22.0,1,0,1,0,0,0,0,0,0,1,0,0,0,0,0,0,0,1,0
638,0,0,0,0,1,1,0,0,19.0,1,0,0,0,0,0,0,0,0,1,0,0,0,0,0,0,0,1,0
639,1,0,1,0,0,0,0,0,19.0,1,0,0,0,0,0,0,0,0,1,0,1,0,0,0,0,0,0,0
640,0,0,0,1,1,0,0,0,19.0,1,0,0,0,0,0,0,0,0,1,0,0,0,0,0,0,0,1,0
641,0,1,1,1,1,1,1,1,28.0,0,0,1,0,1,0,0,0,0,1,0,1,0,0,0,0,0,0,0
642,0,0,0,0,0,0,0,0,19.0,1,0,0,0,0,0,0,0,0,1,0,0,0,0,0,0,0,1,0
643,1,1,0,0,1,0,0,0,19.0,1,0,0,0,0,0,0,0,0,1,0,0,0,0,0,0,0,0,1
644,1,0,1,0,0,0,0,0,19.0,1,0,0,0,0,0,0,0,0,1,0,0,0,0,0,0,0,1,0
645,1,0,0,0,1,0,1,1,42.0,1,0,0,0,0,0,0,0,0,1,0,0,0,0,0,0,0,1,0
646,1,0,0,0,1,0,0,1,42.0,1,0,0,0,0,0,0,0,0,1,0,0,0,0,0,0,0,1,0
647,1,0,0,0,1,0,0,1,42.0,1,0,0,0,0,0,0,0,0,1,0,0,0,0,0,0,0,1,0
648,0,0,0,0,1,0,0,0,19.0,1,0,0,0,0,0,0,0,0,1,0,0,0,0,0,0,0,1,0
649,1,0,0,0,0,0,0,1,42.0,1,0,0,0,0,0,0,0,0,1,0,0,0,0,0,0,0,1,0
650,1,0,0,0,1,0,0,0,19.0,1,0,0,0,0,0,0,0,0,1,0,0,0,0,0,0,0,0,1
651,1,0,0,0,1,0,0,1,42.0,1,0,0,0,0,0,0,0,0,1,0,0,0,0,0,0,0,0,1
652,1,1,1,1,1,1,0,0,19.0,0,0,0,0,0,0,0,0,0,1,0,0,0,0,0,0,0,1,0
653,1,1,1,1,1,1,0,1,42.0,1,0,0,0,0,0,0,0,0,1,0,0,0,0,0,0,0,1,0
654,1,0,0,0,1,0,0,1,100.0,0,0,1,0,0,0,0,0,0,1,0,0,0,0,0,0,0,0,1
655,1,0,0,0,1,0,0,0,19.0,1,0,0,0,0,0,0,0,0,1,0,0,0,0,0,0,1,0,0
656,1,0,0,0,0,0,0,0,19.0,1,0,0,0,0,0,0,0,0,1,0,0,0,0,0,0,0,1,0
657,0,0,0,0,1,0,0,1,35.0,1,0,0,0,0,0,0,0,0,1,0,0,0,0,0,0,0,0,1
658,1,1,1,0,0,0,0,0,19.0,1,0,0,0,0,0,0,0,0,1,0,0,0,1,0,0,0,0,0
659,0,0,0,0,0,0,0,1,35.0,1,0,0,0,0,0,0,0,0,1,0,0,0,0,0,0,0,1,0
660,1,1,0,0,0,0,0,0,19.0,1,0,0,0,0,0,0,0,0,1,0,0,0,0,0,0,0,0,1
661,0,0,0,0,1,0,0,0,19.0,1,0,0,0,0,0,0,0,0,1,0,0,0,0,0,0,0,0,1
662,0,0,0,1,0,0,0,0,19.0,1,0,0,0,0,0,0,0,0,1,0,0,0,0,0,0,0,0,1
663,1,0,1,0,0,0,0,0,19.0,1,0,0,0,0,0,0,0,0,1,0,0,0,0,0,0,0,1,0
664,0,0,1,1,1,0,0,1,35.0,1,0,0,0,0,0,0,0,0,1,0,0,0,0,0,0,0,0,1
665,1,0,0,1,0,0,0,0,19.0,1,0,0,0,0,0,0,0,0,1,0,0,0,0,0,0,0,1,0
666,1,1,0,0,0,0,0,0,19.0,0,0,0,0,0,0,0,0,0,1,0,1,0,0,0,0,0,0,0
667,0,0,0,1,1,0,0,0,19.0,1,0,0,0,0,0,0,0,0,1,0,0,0,0,0,0,0,0,1
668,1,0,0,1,1,1,0,0,19.0,1,0,0,0,0,0,0,0,0,1,0,0,0,0,0,0,1,0,0
669,0,0,0,1,0,0,0,0,19.0,1,0,0,0,0,0,0,0,0,1,0,0,0,0,0,0,0,1,0
670,0,0,0,0,1,1,0,0,19.0,1,0,0,0,0,0,0,0,0,1,0,0,0,0,0,0,0,0,1
671,0,0,1,0,0,0,0,0,19.0,0,0,0,0,0,0,0,0,0,1,0,0,0,0,0,0,0,0,1
672,0,1,0,0,0,0,0,0,19.0,1,0,0,0,0,0,0,0,0,1,0,0,0,0,0,0,1,0,0
673,1,0,0,0,0,0,0,1,42.0,1,0,0,0,0,0,0,0,0,1,0,0,0,0,0,0,0,0,1
674,0,0,0,0,1,0,0,0,19.0,1,0,0,0,0,0,0,0,0,1,0,0,0,0,0,0,0,0,1
675,1,0,0,1,1,0,0,0,19.0,1,0,0,0,0,0,0,0,0,1,0,0,0,0,0,0,0,1,0
676,1,0,1,0,0,0,0,0,19.0,0,0,0,0,0,0,0,0,0,1,0,0,0,0,0,0,0,0,1
677,0,0,1,0,0,0,0,0,19.0,0,0,0,0,0,0,0,0,0,1,1,0,0,0,0,0,0,0,0
678,1,0,1,0,0,0,0,0,19.0,0,0,0,0,0,0,0,0,0,1,0,0,0,0,0,0,0,0,1
679,1,0,0,0,0,0,0,1,42.0,1,0,0,0,0,0,0,0,0,1,0,0,0,0,0,0,0,0,1
680,0,0,0,0,0,0,0,0,19.0,0,0,0,0,0,0,0,0,0,1,0,0,0,0,0,0,0,1,0
681,1,0,1,0,0,0,0,0,19.0,1,0,0,0,0,0,0,0,0,1,0,0,0,0,0,0,0,1,0
682,0,0,0,0,0,1,0,0,19.0,1,0,0,0,0,0,0,0,0,1,0,0,0,0,0,0,0,0,1
683,0,0,1,0,0,0,0,1,35.0,1,0,0,0,0,0,0,0,0,1,0,0,0,0,0,0,0,0,1
684,1,0,0,1,0,0,0,0,19.0,1,0,0,0,0,0,0,0,0,1,0,0,0,0,0,0,0,1,0
685,0,0,0,0,0,0,0,0,19.0,1,0,0,0,0,0,0,0,0,1,0,0,0,0,0,0,0,0,1
686,0,0,0,1,1,0,0,0,20.0,1,0,1,0,0,0,0,0,0,1,0,0,0,0,0,0,0,0,1
687,0,0,0,0,1,0,0,0,19.0,1,0,1,0,0,0,0,0,0,1,0,0,0,0,0,0,0,1,0
688,1,0,0,0,0,1,0,0,19.0,1,0,0,0,0,0,0,0,0,1,0,0,0,0,0,0,0,0,1
689,0,0,1,0,0,0,0,0,26.0,1,0,1,0,0,0,0,0,0,1,0,0,0,0,0,0,0,0,1
690,1,0,0,1,1,0,0,0,19.0,1,0,0,0,0,0,0,0,0,1,0,0,0,0,0,0,0,1,0
691,0,0,0,0,1,0,0,0,6.0,1,0,1,0,0,0,0,0,0,1,0,0,0,0,0,0,0,0,0
692,1,0,0,1,0,0,0,0,19.0,1,0,0,0,0,0,0,0,0,1,0,0,0,0,0,0,0,0,1
693,0,0,0,0,0,0,0,0,100.0,0,0,1,0,0,0,0,0,0,1,0,0,1,0,0,0,0,0,0
694,0,0,0,1,1,0,0,0,19.0,1,0,0,0,0,0,0,0,0,1,0,0,0,0,0,0,0,0,1
695,1,0,0,1,1,1,0,0,19.0,1,0,0,0,0,0,0,0,0,1,0,0,0,0,0,0,0,0,1
696,1,0,0,0,1,0,0,0,19.0,1,0,0,0,0,0,0,0,0,1,0,0,0,0,0,0,0,1,0
697,1,0,0,1,0,0,0,1,42.0,1,1,0,0,0,0,1,0,0,0,0,0,0,0,0,1,0,0,0
698,0,0,0,1,1,0,0,0,19.0,1,0,0,0,0,0,0,0,0,1,0,0,0,0,0,1,0,0,0
699,1,0,0,1,1,0,1,1,42.0,1,0,0,0,0,0,0,0,0,1,0,0,0,0,0,1,0,0,0
700,0,0,0,1,1,0,0,0,19.0,1,0,0,0,0,0,0,0,0,1,0,1,0,0,0,0,0,0,0
701,0,0,0,0,0,0,0,0,19.0,1,0,0,0,0,0,0,0,0,1,0,0,0,1,0,0,0,0,0
702,1,0,0,0,0,1,0,0,19.0,1,0,0,0,0,0,0,0,0,1,0,0,0,0,0,0,0,1,0
703,1,0,0,0,1,1,0,0,19.0,1,0,0,0,0,0,0,0,0,1,0,0,0,0,0,0,0,1,0
704,0,0,0,0,1,0,1,0,19.0,1,0,0,0,0,0,0,0,0,1,0,0,0,0,0,0,0,1,0
705,0,0,0,1,1,0,1,0,19.0,1,0,0,0,0,0,0,0,0,1,0,0,0,0,0,0,0,1,0
706,0,0,0,0,1,0,0,0,19.0,1,0,0,0,0,0,0,0,0,1,0,0,0,0,0,0,0,1,0
707,1,0,0,1,0,0,0,0,19.0,1,0,0,0,0,0,0,0,0,1,0,0,0,0,0,0,0,0,1
708,1,0,0,0,0,0,0,0,19.0,1,0,0,0,0,0,0,0,0,1,0,0,0,0,0,0,0,1,0
709,1,0,0,0,1,0,0,0,64.0,1,0,1,0,0,0,0,0,0,1,0,0,0,0,0,0,0,0,1
710,0,0,0,0,1,1,0,1,35.0,1,0,0,0,0,0,0,0,0,1,0,0,0,0,0,0,0,1,0
711,1,0,0,0,1,0,0,1,42.0,0,0,0,0,0,0,0,0,0,1,0,0,0,0,0,0,0,1,0
712,1,0,1,0,0,0,0,0,19.0,0,0,0,0,0,0,0,0,0,1,0,0,0,0,0,0,0,0,1
713,1,0,0,0,0,0,0,1,42.0,1,0,0,0,0,0,0,0,0,1,0,0,0,0,0,0,0,0,1
714,0,0,0,1,1,0,0,0,19.0,1,0,0,0,0,0,0,0,0,1,0,0,0,0,0,1,0,0,0
715,0,0,0,0,1,0,0,0,19.0,1,0,0,0,0,0,0,0,0,1,0,0,0,0,0,0,0,0,1
716,1,0,1,0,0,0,0,0,19.0,0,0,0,0,0,0,0,0,0,1,0,0,0,0,0,0,0,1,0
717,1,0,0,0,1,0,0,1,42.0,1,0,0,0,0,0,0,0,0,1,0,0,0,0,0,0,0,1,0
718,0,0,0,0,1,0,0,1,35.0,1,0,0,0,0,0,0,0,0,1,0,0,0,0,0,0,0,0,1
719,0,0,0,0,0,0,0,1,35.0,1,0,0,0,0,0,0,0,0,1,0,0,0,0,0,0,0,1,0
720,1,0,0,1,0,0,0,0,19.0,0,0,0,0,0,0,0,0,0,1,0,0,0,0,0,0,0,1,0
721,1,0,0,0,1,0,0,1,42.0,1,1,0,0,0,0,1,0,0,0,0,0,0,0,0,0,0,1,0
722,0,0,0,0,1,0,0,0,19.0,1,0,0,0,0,0,0,0,0,1,0,0,0,0,0,0,0,0,1
723,0,0,0,0,1,0,0,0,19.0,1,0,0,0,0,0,0,0,0,1,0,0,0,0,0,0,0,1,0
724,1,0,0,0,1,0,0,0,19.0,1,0,0,0,0,0,0,0,0,1,0,0,0,0,0,0,0,0,1
725,0,0,0,0,0,1,0,0,19.0,1,0,0,0,0,0,0,0,0,1,0,0,0,0,0,0,1,0,0
726,1,0,0,1,1,0,0,0,19.0,1,0,0,0,0,0,0,0,0,1,0,0,0,0,0,1,0,0,0
727,1,0,0,1,1,0,0,0,19.0,1,0,0,0,0,0,0,0,0,1,0,1,0,0,0,0,0,0,0
728,1,0,0,0,0,1,0,0,19.0,0,0,0,0,0,0,0,0,0,1,0,0,0,0,0,0,0,1,0
729,0,0,0,1,1,0,1,1,35.0,1,0,0,0,0,0,0,0,0,1,0,0,0,0,0,1,0,0,0
730,1,0,0,1,1,0,0,0,19.0,1,0,0,0,0,0,0,0,0,1,0,0,0,0,0,1,0,0,0
731,0,0,0,0,0,0,0,1,35.0,1,0,0,0,0,0,0,0,0,1,0,0,0,0,0,0,0,1,0
732,0,0,1,0,0,0,0,0,19.0,1,0,0,0,0,0,0,0,0,1,0,0,0,0,0,0,1,0,0
733,1,0,1,0,0,0,0,1,42.0,1,0,0,0,0,0,0,0,0,1,0,1,0,0,0,0,0,0,0
734,0,0,0,0,0,0,0,1,35.0,0,0,0,0,0,0,0,0,0,1,0,0,0,0,0,0,0,1,0
735,1,0,0,0,0,0,0,1,42.0,0,1,0,0,0,0,1,0,0,0,0,0,0,0,0,1,0,0,0
736,0,0,0,1,1,0,1,0,19.0,1,0,0,0,0,0,0,0,0,1,0,0,0,0,0,0,0,1,0
737,0,0,0,1,1,0,0,0,19.0,1,0,0,0,0,0,0,0,0,1,0,0,0,0,0,1,0,0,0
738,0,0,0,0,1,1,0,0,19.0,1,0,0,0,0,0,0,0,0,1,0,0,0,0,0,0,0,1,0
739,0,0,0,1,0,0,0,1,35.0,1,0,0,0,0,0,0,0,0,1,0,0,0,0,0,0,0,0,1
740,0,0,0,1,0,0,0,0,19.0,0,0,0,0,0,0,0,0,0,1,0,0,0,0,0,0,0,0,1
741,1,0,0,1,1,0,0,0,19.0,1,0,0,0,0,0,0,0,0,1,0,0,0,0,0,0,0,0,1
742,0,0,1,0,0,0,0,1,35.0,1,0,0,0,0,0,0,0,0,1,0,0,0,0,0,0,0,0,1
743,1,1,0,0,0,0,0,1,42.0,1,0,0,0,0,0,0,0,0,1,0,0,0,0,0,0,0,0,1
744,1,0,1,0,0,0,0,1,42.0,1,0,0,0,0,0,0,0,0,1,0,0,0,0,0,0,0,1,0
745,1,0,0,0,0,0,0,1,42.0,1,0,0,0,0,0,0,0,0,1,0,0,0,0,0,0,0,0,1
746,0,1,0,0,0,0,0,0,19.0,1,0,0,0,0,0,0,0,0,1,0,1,0,0,0,0,0,0,0
747,1,0,0,0,0,0,0,1,42.0,1,0,0,0,0,0,0,0,0,1,0,0,0,0,0,0,0,1,0
748,1,0,0,0,0,0,0,0,19.0,1,0,0,0,0,0,0,0,0,1,0,0,0,0,0,0,0,1,0
749,0,0,0,1,0,0,0,1,35.0,1,0,0,0,0,0,0,0,0,1,0,0,0,0,0,0,0,1,0
750,1,0,0,0,1,0,0,0,19.0,1,0,0,0,0,0,0,0,0,1,0,0,0,0,0,0,0,1,0
751,0,0,0,0,1,1,0,1,35.0,1,0,0,0,0,0,0,0,0,1,0,0,0,0,0,0,0,1,0
752,1,0,1,1,1,1,0,0,25.0,1,0,1,0,0,0,0,0,0,1,0,0,0,0,0,0,0,1,0
753,1,0,0,0,0,1,0,0,19.0,1,0,0,0,0,0,0,0,0,1,0,0,0,0,0,0,0,1,0
754,0,0,0,0,0,1,0,0,19.0,1,0,0,0,0,0,0,0,0,1,0,0,0,0,0,0,0,0,1
755,1,0,0,0,1,0,0,0,19.0,0,0,0,0,0,0,0,0,0,1,0,0,0,0,0,0,0,1,0
756,0,0,0,0,1,0,0,1,35.0,1,0,0,0,0,0,0,0,0,1,0,0,0,0,0,0,0,1,0
757,0,0,0,1,0,0,0,0,19.0,0,0,0,0,0,0,0,0,0,1,0,0,0,0,0,0,1,0,0
758,0,0,1,0,0,0,0,0,19.0,1,0,0,0,0,0,0,0,0,1,0,0,0,0,0,0,0,0,1
759,0,0,1,0,0,0,0,0,19.0,1,0,0,0,0,0,0,0,0,1,0,0,0,0,0,0,0,1,0
760,1,0,0,1,0,0,0,0,19.0,1,0,0,0,0,0,0,0,0,1,0,0,0,0,0,0,0,0,1
761,1,0,0,1,1,0,0,1,42.0,1,0,0,0,0,0,0,0,0,1,0,0,0,0,0,0,0,0,1
762,1,0,0,0,0,0,0,1,42.0,1,0,0,0,0,0,0,0,0,1,0,0,0,0,0,0,0,1,0
763,1,0,0,0,0,1,0,0,19.0,1,0,0,0,0,0,0,0,0,1,0,0,0,0,0,0,0,1,0
764,1,0,1,0,0,0,0,0,19.0,1,0,0,0,0,0,0,0,0,1,0,0,0,0,0,0,0,0,1
765,0,0,0,0,0,1,0,0,19.0,1,0,0,0,0,0,0,0,0,1,0,0,0,0,0,0,0,0,1
766,0,0,0,0,1,1,0,0,19.0,1,0,0,0,0,0,0,0,0,1,0,0,0,0,0,0,0,1,0
767,0,0,0,1,0,0,0,0,19.0,1,0,0,0,0,0,0,0,0,1,0,0,0,0,0,0,0,0,1
768,0,0,0,0,0,0,0,1,35.0,1,0,0,0,0,0,0,0,0,1,0,0,0,0,0,0,0,0,1
769,1,0,0,1,1,0,0,1,42.0,1,0,0,0,0,0,0,0,0,1,0,0,0,0,0,0,0,0,1
770,0,0,0,1,0,0,0,0,19.0,1,0,0,0,0,0,0,0,0,1,0,0,0,0,0,0,0,0,1
771,0,0,0,0,1,0,0,0,19.0,1,0,0,0,0,0,0,0,0,1,0,0,0,0,0,0,0,0,1
772,0,0,0,0,1,0,0,0,19.0,1,0,0,0,0,0,0,0,0,1,0,0,0,0,0,0,0,1,0
773,0,0,0,1,0,0,0,0,19.0,1,0,0,0,0,0,0,0,0,1,0,0,0,0,0,0,0,1,0
774,1,0,0,0,0,0,0,1,42.0,1,0,0,0,0,0,0,0,0,1,0,0,0,0,0,0,0,0,1
775,0,0,0,0,1,0,0,0,19.0,1,0,0,0,0,0,0,0,0,1,0,0,0,0,0,0,0,1,0
776,0,0,0,0,1,1,0,0,19.0,1,0,0,0,0,0,0,0,0,1,0,0,0,0,0,0,0,0,1
777,1,0,0,1,0,1,0,0,19.0,0,0,0,0,0,0,0,0,0,1,0,0,0,0,0,0,0,1,0
778,1,0,1,1,1,0,0,0,19.0,1,0,0,0,0,0,0,0,0,1,0,0,0,0,0,0,0,1,0
779,1,0,0,0,1,0,0,1,42.0,1,0,0,0,0,0,0,0,0,1,0,0,0,0,0,0,0,1,0
780,0,0,0,0,0,1,0,1,35.0,1,0,0,0,0,0,0,0,0,1,0,0,0,0,0,0,0,0,1
781,1,0,0,0,1,0,0,0,19.0,1,0,0,0,0,0,0,0,0,1,0,0,0,0,0,0,0,0,1
782,0,0,0,0,1,0,0,1,35.0,1,0,0,0,0,0,0,0,0,1,0,0,0,0,0,0,0,0,1
783,0,0,0,0,1,0,0,0,19.0,1,0,0,0,0,0,0,0,0,1,0,0,0,0,0,0,0,0,1
784,1,1,0,0,0,0,0,0,37.0,1,0,1,0,0,0,0,0,0,1,0,0,0,0,0,0,0,0,1
785,1,0,0,0,1,1,0,1,42.0,1,0,0,0,0,0,0,0,0,1,0,0,0,0,0,0,0,1,0
786,1,1,0,0,1,0,0,0,19.0,1,0,0,0,0,0,0,0,0,1,0,0,0,0,0,0,0,0,1
787,0,0,0,0,1,0,0,0,19.0,1,0,0,0,0,0,0,0,0,1,0,0,0,0,0,0,0,1,0
788,1,1,0,0,0,0,0,0,19.0,0,0,0,0,0,0,0,0,0,1,0,1,0,0,0,0,0,0,0
789,1,0,0,1,1,0,0,0,19.0,1,0,0,0,0,0,0,0,0,1,0,0,0,0,0,0,0,1,0
790,1,0,0,0,0,0,0,1,42.0,1,0,0,0,0,0,0,0,0,1,0,0,0,0,0,0,0,1,0
791,1,0,0,0,1,0,0,0,0.0,0,0,0,0,0,0,0,0,0,1,0,0,0,0,0,0,0,1,0
792,0,0,0,0,0,1,0,0,19.0,1,0,0,0,0,0,0,0,0,1,0,0,0,0,0,0,0,0,1
793,0,0,0,0,0,0,0,0,19.0,1,0,0,0,0,0,0,0,0,1,0,0,0,0,0,0,0,1,0
794,1,0,0,1,0,0,0,0,19.0,1,0,0,0,0,0,0,0,0,1,0,0,0,0,0,0,0,0,1
795,1,0,0,0,0,0,0,0,19.0,1,0,0,0,0,0,0,0,0,1,0,0,1,0,0,0,0,0,0
796,1,0,1,0,0,0,0,1,42.0,1,0,0,0,0,0,0,0,0,1,0,0,0,0,0,0,0,1,0
797,1,0,0,1,1,1,0,0,19.0,1,0,0,0,0,0,0,0,0,1,0,0,0,0,0,0,1,0,0
798,1,0,1,0,0,0,0,0,19.0,1,0,0,0,0,0,0,0,0,1,0,0,0,0,0,0,0,0,1
799,1,0,1,0,0,0,0,0,19.0,1,0,0,0,0,0,0,0,0,1,0,0,0,1,0,0,0,0,0
800,1,0,1,0,0,0,0,0,19.0,0,0,0,0,0,0,0,0,0,1,0,0,0,0,0,0,0,1,0
801,0,0,0,0,0,1,0,0,19.0,0,0,0,0,0,0,0,0,0,1,0,0,0,0,0,0,0,0,1
802,1,0,0,1,0,0,0,0,19.0,1,0,0,0,0,0,0,0,0,1,0,0,0,0,0,0,0,1,0
803,0,0,0,0,0,1,0,0,19.0,1,0,0,0,0,0,0,0,0,1,0,0,0,0,0,0,0,1,0
804,0,0,0,0,1,0,0,1,35.0,1,0,0,0,0,0,0,0,0,1,0,0,0,0,0,0,0,0,1
805,0,0,0,0,1,0,0,0,19.0,1,0,0,0,0,0,0,0,0,1,0,0,0,0,0,0,0,0,1
806,0,1,1,1,1,1,0,0,19.0,1,0,0,0,0,0,0,0,0,1,0,0,0,1,0,0,0,0,0
807,1,0,0,0,0,0,0,0,19.0,1,0,0,0,0,0,0,0,0,1,0,0,0,0,0,0,0,0,1
808,0,0,1,1,1,0,1,0,19.0,1,0,0,0,0,0,0,0,0,1,0,0,0,0,0,0,0,0,1
809,1,0,0,0,0,1,0,0,19.0,1,0,0,0,0,0,0,0,0,1,0,0,0,0,0,0,0,1,0
810,1,0,1,0,0,0,1,0,19.0,1,0,0,0,0,0,0,0,0,1,0,0,0,0,0,0,0,0,1
811,0,0,0,0,1,0,0,0,19.0,1,0,0,0,0,0,0,0,0,1,0,0,0,0,0,0,0,0,1
812,0,0,0,1,0,0,0,1,35.0,1,0,0,0,0,0,0,0,0,1,0,0,0,0,0,0,0,0,1
813,0,0,0,0,1,0,0,0,19.0,1,0,0,0,0,0,0,0,0,1,0,0,0,0,0,0,0,1,0
814,1,0,0,0,1,0,0,1,42.0,1,0,0,0,0,0,0,0,0,1,0,0,0,0,0,0,0,0,1
815,0,0,0,0,1,0,0,1,35.0,1,0,0,0,0,0,0,0,0,1,0,0,0,0,0,0,0,0,1
816,0,0,0,1,1,0,0,1,35.0,1,0,0,0,0,0,0,0,0,1,0,0,0,0,0,0,0,0,1
817,0,0,0,0,1,0,0,1,35.0,1,0,0,0,0,0,0,0,0,1,0,0,0,0,0,0,0,0,1
818,1,1,0,0,0,0,0,0,19.0,0,0,0,0,0,0,0,0,0,1,0,0,0,0,0,0,0,0,1
819,1,0,0,0,1,0,0,0,19.0,1,0,0,0,0,0,0,0,0,1,0,0,0,0,0,0,0,0,1
820,1,0,0,0,1,1,0,0,19.0,1,0,0,0,0,0,0,0,0,1,0,0,0,0,0,0,0,1,0
821,1,0,0,0,1,1,0,0,19.0,1,0,0,0,0,0,0,0,0,1,0,0,0,0,0,0,1,0,0
822,1,0,0,1,0,0,0,0,79.0,0,0,1,0,0,0,0,0,0,1,0,0,0,0,0,0,1,0,0
823,1,0,0,0,1,0,0,1,42.0,0,0,0,0,0,0,0,0,0,1,0,0,0,0,0,0,0,1,0
824,0,0,0,1,1,0,1,0,19.0,1,0,0,0,0,0,0,0,0,1,0,0,0,0,0,1,0,0,0
825,1,0,0,0,1,0,0,0,19.0,1,0,0,0,0,0,0,0,0,1,0,0,0,0,0,0,0,0,1
826,1,0,0,0,1,0,0,1,42.0,1,0,0,0,0,0,0,0,0,1,0,0,0,0,0,0,0,1,0
827,1,0,1,1,1,1,0,0,19.0,0,0,0,0,0,0,0,0,0,1,0,0,0,0,0,0,0,0,1
828,0,0,0,0,0,0,0,1,35.0,0,0,0,0,0,0,0,0,0,1,0,0,0,0,0,0,0,0,1
829,0,0,0,0,0,0,0,1,35.0,1,0,0,0,0,0,0,0,0,1,0,0,1,0,0,0,0,0,0
830,0,0,0,0,0,0,0,1,35.0,1,0,0,0,0,0,0,0,0,1,0,0,0,0,0,0,0,1,0
831,1,0,1,1,1,0,0,0,19.0,1,0,0,0,0,0,0,0,0,1,0,0,0,0,0,0,0,0,1
832,1,0,0,0,0,1,0,1,42.0,1,0,0,0,0,0,0,0,0,1,0,0,0,0,0,0,0,1,0
833,0,0,1,0,0,0,0,0,19.0,1,0,0,0,0,0,0,0,0,1,0,0,0,0,0,0,0,1,0
834,0,0,0,0,1,0,0,0,19.0,1,0,0,0,0,0,0,0,0,1,0,0,0,0,0,0,0,1,0
835,0,0,0,1,0,0,0,0,19.0,1,0,0,0,0,0,0,0,0,1,0,0,0,0,0,0,0,1,0
836,1,1,0,0,0,0,0,0,19.0,0,0,0,0,0,0,0,0,0,1,0,0,0,0,0,0,1,0,0
837,0,0,1,1,0,0,0,0,19.0,1,0,0,0,0,0,0,0,0,1,0,0,0,0,0,0,0,0,1
838,1,0,0,0,1,0,0,0,19.0,1,0,0,0,0,0,0,0,0,1,0,0,0,0,0,0,0,0,1
839,1,0,0,0,1,0,0,0,19.0,1,0,0,0,0,0,0,0,0,1,0,0,0,0,0,0,0,0,1
840,1,0,0,1,1,1,0,0,19.0,1,0,0,0,0,0,0,0,0,1,0,0,0,0,0,0,1,0,0
841,0,0,0,0,1,0,0,1,35.0,1,0,0,0,0,0,0,0,0,1,0,0,0,0,0,0,0,1,0
842,0,0,1,0,1,0,0,0,19.0,1,0,0,0,1,0,0,0,0,1,0,0,0,1,0,0,0,0,0
843,1,0,0,1,0,0,0,0,19.0,1,0,0,0,0,0,0,0,0,1,0,0,0,0,0,0,0,0,1
844,1,0,0,1,0,0,0,0,19.0,1,0,0,0,0,0,0,0,0,1,0,0,0,0,0,0,0,0,1
845,1,0,0,1,0,0,0,0,19.0,1,0,0,0,0,0,0,0,0,1,0,0,0,0,0,0,0,0,1
846,0,0,0,0,0,0,0,0,19.0,0,0,0,0,0,0,0,0,0,1,0,0,0,0,0,0,0,0,1
847,0,0,0,0,0,0,0,0,19.0,1,0,0,0,0,0,0,0,0,1,0,0,0,0,0,0,1,0,0
848,1,0,0,0,0,0,0,0,19.0,1,0,0,0,0,0,0,0,0,1,0,0,0,0,0,0,0,0,1
849,1,0,0,0,0,0,0,0,100.0,0,0,1,0,0,0,0,0,0,1,0,0,1,0,0,0,0,0,0
850,0,0,0,0,0,0,0,0,19.0,1,0,0,0,0,0,0,0,0,1,0,0,0,0,0,0,0,0,1
851,0,0,0,1,0,1,0,0,24.0,1,0,1,0,0,0,0,0,0,1,0,0,0,0,0,0,0,1,0
852,1,0,0,1,1,0,0,0,19.0,1,0,0,0,0,0,0,0,0,1,0,0,0,0,0,0,0,1,0
853,0,0,0,0,0,0,0,1,35.0,1,0,0,0,0,0,0,0,0,1,0,0,1,0,0,0,0,0,0
854,1,0,0,1,1,0,0,1,42.0,1,0,0,0,0,0,0,0,0,1,0,0,0,0,0,0,0,1,0
855,0,0,0,0,0,0,0,1,35.0,1,0,0,0,0,0,0,0,0,1,0,0,0,0,0,0,0,1,0
856,0,0,0,0,1,0,0,0,19.0,1,0,0,0,0,0,0,0,0,1,0,0,0,0,0,0,0,0,1
857,1,0,1,0,0,0,0,1,42.0,1,0,0,0,0,0,0,0,0,1,0,0,0,0,0,0,0,1,0
858,1,0,0,1,0,0,0,0,19.0,1,0,0,0,0,0,0,0,0,1,0,0,0,0,0,0,0,1,0
859,1,1,1,0,0,0,0,0,19.0,1,0,0,0,0,0,0,0,0,1,0,0,0,1,0,0,0,0,0
860,0,0,0,0,1,0,0,1,35.0,1,0,0,0,0,0,0,0,0,1,0,0,0,0,0,0,0,0,1
861,1,0,1,0,0,0,0,0,19.0,0,0,0,0,0,0,0,0,0,1,0,0,0,0,0,0,0,1,0
862,1,0,1,0,0,0,0,0,19.0,0,0,0,0,0,0,0,0,0,1,0,0,0,1,0,0,0,0,0
863,1,0,1,0,0,0,0,0,19.0,0,0,0,0,0,0,0,0,0,1,0,0,0,0,0,0,0,0,1
864,0,0,0,0,1,0,0,0,19.0,1,0,0,0,0,0,0,0,0,1,0,1,0,0,0,0,0,0,0
865,0,0,0,0,0,0,0,0,19.0,1,0,0,0,0,0,0,0,0,1,0,0,0,0,0,0,0,0,1
866,0,0,0,1,0,0,0,0,19.0,1,0,0,0,0,0,0,0,0,1,0,0,0,0,0,0,0,1,0
867,1,0,1,0,1,0,0,1,42.0,1,0,0,0,0,0,0,0,0,1,1,0,0,0,0,0,0,0,0
868,0,0,0,0,1,1,0,0,19.0,1,0,0,0,0,0,0,0,0,1,0,0,0,0,0,0,0,0,1
869,0,0,0,0,0,1,0,0,19.0,1,0,0,0,0,0,0,0,0,1,0,0,0,0,0,0,0,1,0
870,1,0,0,0,0,0,0,1,42.0,1,0,0,0,0,0,0,0,0,1,0,0,0,0,0,0,0,1,0
871,0,0,0,0,0,1,0,0,19.0,1,0,0,0,0,0,0,0,0,1,0,0,0,0,0,0,0,1,0
872,1,0,0,0,0,1,0,0,19.0,1,0,0,0,0,0,0,0,0,1,0,0,0,0,0,0,0,0,1
873,1,1,0,0,0,0,0,1,42.0,1,0,0,0,0,0,0,0,0,1,0,0,0,0,0,0,0,0,1
874,1,0,0,0,1,1,0,0,19.0,1,0,0,0,0,0,0,0,0,1,0,0,0,0,0,0,0,1,0
875,0,1,0,0,0,1,0,0,19.0,0,0,0,0,0,0,0,0,0,1,0,0,0,0,0,0,0,0,1
876,0,0,0,0,0,0,1,1,35.0,1,0,0,0,0,0,0,0,0,1,0,0,0,0,0,0,0,1,0
877,1,0,1,1,1,1,0,1,42.0,1,0,0,0,0,0,0,0,0,1,0,0,0,0,0,0,0,1,0
878,1,0,1,1,1,0,0,1,42.0,1,0,0,0,0,0,0,0,0,1,0,0,0,0,0,0,0,0,0
879,0,0,0,0,1,1,0,0,19.0,1,0,0,0,0,0,0,0,0,1,0,0,0,0,0,0,0,1,0
880,1,0,1,1,0,0,0,1,42.0,0,0,0,0,0,0,0,0,0,1,0,0,0,0,0,0,0,1,0
881,1,1,1,1,1,1,0,0,19.0,1,0,0,0,0,0,0,0,0,1,0,0,0,0,0,0,1,0,0
882,1,1,1,1,1,1,0,1,42.0,1,0,0,0,0,0,0,0,0,1,0,0,0,0,0,0,0,1,0
883,0,0,1,1,1,0,0,1,35.0,1,0,0,0,0,0,0,0,0,1,0,0,0,0,0,0,0,1,0
884,1,0,1,1,1,0,0,1,42.0,1,0,0,0,0,0,0,0,0,1,0,0,0,0,0,0,0,1,0
885,0,0,1,1,1,0,0,0,40.0,1,0,1,0,0,0,0,0,0,1,0,0,0,0,0,0,0,0,0
886,1,0,1,1,1,0,0,0,15.0,1,0,1,0,0,0,0,0,0,1,0,0,0,0,0,0,0,1,0
887,1,0,1,1,1,1,0,1,42.0,0,1,0,0,0,1,0,0,0,0,0,0,0,0,0,0,0,1,0
888,1,0,1,0,0,0,0,0,19.0,0,0,0,0,0,0,0,0,0,1,0,0,0,0,0,0,0,1,0
889,0,0,0,1,1,1,0,0,19.0,1,0,1,0,0,0,0,0,0,1,0,0,0,0,0,1,0,0,0
890,1,0,0,0,0,0,0,1,42.0,0,1,0,0,0,0,1,0,0,0,0,0,0,0,0,0,0,1,0
891,0,0,0,1,1,1,0,1,35.0,1,1,0,0,0,1,0,0,0,0,0,0,0,0,0,0,0,1,0
892,0,0,0,1,1,0,0,1,35.0,1,0,0,0,0,0,0,0,0,1,0,0,0,0,0,0,0,1,0
893,1,0,1,1,1,1,0,0,19.0,1,0,0,0,0,0,0,0,0,1,0,0,0,0,0,0,0,1,0
894,1,0,1,1,1,1,0,1,42.0,1,0,0,0,0,0,0,0,0,1,0,0,0,0,0,0,0,1,0
895,0,1,1,1,1,1,0,1,35.0,1,0,0,0,0,0,0,0,0,1,0,0,0,0,0,0,0,1,0
896,1,0,1,1,1,0,0,0,10.0,1,0,1,0,0,0,0,0,0,1,0,0,0,0,0,0,0,0,0
897,0,0,1,1,1,0,0,0,49.0,1,0,1,0,0,0,0,0,0,1,0,0,0,0,0,0,0,1,0
898,0,0,0,1,1,1,0,1,14.0,1,0,1,0,0,0,0,0,0,1,0,0,0,0,0,0,0,1,0
899,0,0,0,0,1,1,0,1,35.0,1,0,0,0,0,0,0,0,0,1,0,0,0,0,0,0,0,1,0
900,0,0,1,1,1,0,1,0,19.0,1,0,0,0,0,0,0,0,0,1,0,0,0,0,0,0,0,0,0
901,0,0,1,1,1,1,1,1,35.0,0,1,0,0,0,1,0,0,0,0,0,0,0,0,0,0,0,1,0
902,0,0,1,1,1,0,0,0,23.0,1,0,1,0,0,0,0,0,0,1,0,0,0,0,0,0,0,0,0
903,0,0,1,1,1,1,1,0,19.0,0,0,1,0,0,0,0,0,0,1,0,0,0,0,0,0,0,1,0
904,1,0,0,0,0,0,1,1,100.0,0,0,1,0,0,0,0,0,0,1,0,0,0,0,0,0,0,1,0
905,1,1,1,1,1,1,0,1,42.0,1,0,0,0,0,0,0,0,0,1,0,0,0,0,0,0,0,1,0
906,1,1,0,1,0,0,0,1,42.0,0,0,0,0,0,0,0,0,0,1,0,0,0,0,0,0,0,1,0
907,1,0,1,1,1,1,1,1,42.0,1,1,0,0,0,0,1,0,0,0,0,0,0,0,0,0,0,1,0
908,1,0,1,1,1,1,0,1,42.0,1,0,0,0,0,0,0,0,0,1,0,0,0,0,0,0,0,1,0
909,0,0,1,1,1,1,1,1,35.0,1,1,0,0,0,1,0,0,0,0,0,0,0,0,0,0,0,1,0
910,1,0,1,1,0,0,0,1,76.0,1,0,1,0,0,0,0,0,0,1,0,0,0,0,0,0,0,1,0
911,0,1,1,1,1,1,0,1,35.0,1,0,0,0,0,0,0,0,0,1,0,0,0,0,0,0,0,1,0
912,1,0,1,1,1,0,0,0,10.0,1,0,1,0,0,0,0,0,0,1,0,0,0,0,0,0,0,0,0
913,1,0,0,0,0,0,0,1,42.0,1,0,0,0,0,0,0,0,0,1,0,0,0,0,0,0,0,1,0
914,1,0,0,1,1,1,1,1,42.0,1,1,0,0,0,0,1,0,0,0,0,0,0,0,0,0,0,1,0
915,1,0,0,0,0,1,0,0,19.0,1,0,0,0,0,0,0,0,0,1,0,0,0,0,0,0,0,1,0
916,0,0,1,1,1,1,0,0,20.0,1,0,1,0,0,0,0,0,0,1,0,0,0,0,0,0,0,0,0
917,1,0,1,0,0,1,1,0,19.0,1,0,0,0,0,0,0,0,0,1,0,0,0,1,0,0,0,0,0
918,1,0,1,1,1,0,1,1,42.0,1,0,1,0,0,0,0,0,0,1,0,0,0,0,0,0,0,0,0
919,1,0,0,0,0,0,0,1,42.0,1,0,0,0,0,0,0,0,0,1,0,0,0,0,0,0,0,1,0
920,0,0,0,0,0,1,0,1,35.0,1,0,0,0,0,0,0,0,0,1,0,0,0,0,0,0,0,1,0
921,1,0,0,1,1,0,1,1,42.0,1,0,0,0,0,0,0,0,0,1,0,0,0,0,0,0,0,1,0
922,1,0,0,1,1,1,1,1,42.0,0,0,0,0,0,0,0,0,0,1,0,0,0,0,0,0,0,1,0
923,1,0,0,1,1,1,0,0,19.0,0,0,0,0,0,0,0,0,0,1,0,0,0,0,0,0,0,1,0
924,0,0,0,0,1,1,0,1,35.0,1,0,0,0,0,0,0,0,0,1,0,0,0,0,0,0,0,1,0
925,1,0,1,1,1,1,0,0,19.0,1,0,0,0,0,0,0,0,0,1,0,0,0,0,0,0,1,0,0
926,1,0,1,0,0,0,0,1,42.0,1,0,0,0,0,0,0,0,0,1,0,0,0,1,0,0,0,0,0
927,0,0,1,1,1,0,1,0,19.0,1,0,0,0,0,0,0,0,0,1,0,0,0,0,0,0,0,1,0
928,1,0,0,0,1,1,0,1,42.0,1,0,0,0,0,0,0,0,0,1,0,0,0,0,0,0,0,1,0
929,0,0,1,1,1,1,0,1,35.0,1,0,0,0,0,0,0,0,0,1,0,0,0,0,0,0,0,1,0
930,1,0,0,0,1,0,0,1,42.0,1,0,0,0,0,0,0,0,0,1,0,0,0,0,0,0,0,1,0
931,1,0,1,1,1,1,1,1,28.0,0,0,1,0,0,0,0,0,0,1,0,0,0,0,0,0,0,0,0
932,1,0,1,1,1,1,0,0,16.0,1,0,1,0,0,0,0,0,0,1,0,0,0,0,0,0,0,1,0
933,0,0,1,1,1,1,1,0,19.0,1,0,0,0,0,0,0,0,0,1,0,0,0,0,0,0,0,1,0
934,0,1,1,1,1,1,0,0,16.0,1,0,1,0,0,0,0,0,0,1,0,0,0,0,0,0,0,1,0
935,1,0,1,0,0,0,1,1,42.0,1,0,0,0,0,0,0,0,0,1,0,0,0,1,0,0,0,0,0
936,1,0,0,0,0,1,0,1,42.0,1,0,0,0,0,0,0,0,0,1,0,0,0,0,0,0,0,1,0
937,0,1,0,0,0,0,1,1,35.0,1,0,0,0,0,0,0,0,0,1,0,0,0,0,0,0,0,1,0
938,0,0,1,1,1,1,1,1,17.0,0,1,1,0,0,1,0,0,0,0,0,0,0,0,0,0,0,1,0
939,1,0,0,1,1,1,0,0,19.0,1,0,0,0,0,0,0,0,0,1,0,0,0,0,0,0,1,0,0
940,0,0,1,1,1,0,1,0,19.0,1,0,0,0,0,0,0,0,0,1,0,0,0,0,0,0,0,0,0
941,1,0,0,0,1,1,0,1,42.0,1,0,0,0,0,0,0,0,0,1,0,0,0,0,0,0,0,1,0
942,1,0,1,1,1,0,0,0,16.0,1,0,1,0,0,0,0,0,0,1,0,0,0,0,0,0,0,0,0
943,0,0,0,0,1,0,0,1,35.0,1,1,0,0,0,0,1,0,0,0,0,0,0,0,0,0,0,1,0
944,1,0,1,1,1,1,0,0,21.0,1,0,1,0,0,0,0,0,0,1,0,0,0,0,0,0,0,1,0
945,1,0,1,0,0,0,0,1,42.0,0,0,0,0,0,0,0,0,0,1,0,0,0,0,0,0,0,1,0
946,1,0,1,1,1,0,0,0,24.0,1,0,1,0,0,0,0,0,0,1,0,0,0,0,0,0,0,0,0
947,1,0,1,1,1,1,0,0,19.0,0,0,0,0,0,0,0,0,0,1,0,0,0,0,0,0,0,1,0
948,1,0,0,0,0,0,0,1,42.0,0,1,0,0,0,0,1,0,0,0,0,0,0,0,0,0,0,1,0
949,1,1,1,1,1,0,0,1,42.0,0,0,0,0,0,0,0,0,0,1,0,0,0,0,0,0,0,1,0
950,1,0,0,0,0,0,0,0,19.0,0,0,0,0,0,0,0,0,0,1,0,0,0,0,0,0,0,1,0
951,0,0,1,1,1,0,1,0,19.0,1,0,0,0,0,0,0,0,0,1,0,0,0,0,0,0,0,1,0
952,1,0,0,0,0,1,0,1,42.0,1,0,0,0,0,0,0,0,0,1,0,0,0,0,0,0,0,1,0
953,1,1,1,0,0,0,0,0,19.0,0,0,0,0,0,0,0,0,0,1,0,0,0,1,0,0,0,0,0
954,0,1,1,1,1,1,0,0,19.0,1,0,0,0,0,0,0,0,0,1,0,1,0,0,0,0,0,0,0
955,0,0,1,1,1,0,0,0,13.0,1,0,1,0,0,0,0,0,0,1,0,0,0,0,0,0,0,0,0
956,1,1,1,1,0,0,0,0,19.0,0,0,0,0,0,0,0,0,0,1,0,0,0,0,0,0,0,0,1
957,0,0,0,0,0,0,0,1,35.0,0,0,0,0,0,0,0,0,0,1,0,0,0,0,0,0,0,1,0
958,1,0,0,0,1,0,0,1,42.0,1,0,0,0,0,0,0,0,0,1,0,0,0,0,0,0,0,1,0
959,1,1,0,1,1,1,0,1,42.0,1,0,0,0,0,0,0,0,0,1,0,0,0,0,0,0,0,1,0
960,1,0,1,1,1,1,0,1,15.0,0,0,1,0,1,0,0,0,0,1,0,0,0,0,0,0,0,1,0
961,1,0,0,1,1,1,0,0,19.0,0,0,0,0,0,0,0,0,0,1,0,0,0,0,0,0,1,0,0
962,0,0,1,1,1,1,0,0,19.0,1,0,0,0,0,0,0,0,0,1,0,0,0,0,0,0,1,0,0
963,0,0,1,1,1,0,0,1,35.0,1,0,0,0,0,0,0,0,0,1,0,0,0,0,0,0,0,1,0
964,1,0,1,1,1,1,0,0,17.0,1,0,1,0,0,0,0,0,0,1,0,0,0,0,0,0,0,0,0
965,0,0,0,0,1,1,0,1,35.0,1,0,0,0,0,0,0,0,0,1,0,0,0,0,0,0,0,1,0
966,0,0,0,0,1,1,0,1,35.0,1,0,0,0,0,0,0,0,0,1,0,0,0,0,0,0,0,1,0
967,1,1,1,1,1,1,0,0,19.0,1,0,0,0,0,0,0,0,0,1,0,0,0,0,0,0,1,0,0
968,1,1,1,0,0,0,1,1,42.0,0,0,0,0,0,0,0,0,0,1,0,0,0,1,0,0,0,0,0
969,0,0,1,1,1,1,1,0,13.0,0,0,1,0,0,0,0,0,0,1,0,0,0,0,0,0,0,1,0
970,0,0,1,1,1,0,0,0,15.0,1,0,1,0,0,0,0,0,0,1,0,0,0,0,0,0,0,0,0
971,0,0,0,0,1,1,0,0,19.0,1,0,0,0,0,0,0,0,0,1,0,0,0,0,0,0,0,1,0
972,0,0,0,0,1,1,0,1,35.0,1,1,0,0,0,0,1,0,0,0,0,0,0,0,0,0,0,1,0
973,0,0,1,1,1,0,1,1,35.0,1,0,0,0,0,0,0,0,0,1,0,0,0,0,0,0,0,1,0
974,1,0,0,0,1,1,0,1,42.0,1,1,0,0,0,0,1,0,0,0,1,0,0,0,0,0,0,0,0
975,1,0,1,1,1,1,0,0,45.0,0,0,1,0,0,0,0,0,0,1,0,0,0,0,0,0,1,0,0
976,1,0,1,1,1,0,0,1,42.0,1,0,0,0,0,0,0,0,0,1,0,0,0,0,0,0,0,1,0
977,0,0,0,0,1,0,0,1,35.0,1,0,0,0,0,0,0,0,0,1,0,0,0,0,0,0,0,1,0
978,0,0,1,1,1,0,0,1,40.0,1,0,1,0,0,0,0,0,0,1,0,0,0,0,0,0,0,1,0
979,0,0,1,1,1,1,0,0,19.0,1,0,0,0,0,0,0,0,0,1,0,0,0,0,0,0,0,1,0
980,1,1,1,1,1,1,0,0,19.0,0,0,0,0,0,0,0,0,0,1,0,0,0,0,0,0,1,0,0
981,0,1,1,1,0,1,1,0,19.0,1,0,0,0,0,0,0,0,0,1,0,0,0,0,0,0,0,1,0
982,1,1,0,0,0,1,0,0,19.0,0,0,0,0,0,0,0,0,0,1,0,0,0,0,0,0,0,1,0
983,1,1,1,1,1,1,1,1,53.0,1,0,1,0,0,0,0,0,0,1,0,0,0,0,0,0,0,0,0
984,0,0,1,1,1,0,1,0,19.0,1,0,0,0,0,0,0,0,0,1,0,0,0,0,0,0,0,1,0
985,0,0,1,1,1,0,1,0,19.0,1,0,0,0,0,0,0,0,0,1,0,0,0,0,0,0,0,1,0
986,0,0,1,1,1,0,0,0,9.0,1,0,1,0,0,0,0,0,0,1,0,0,0,0,0,0,0,0,0
987,0,0,1,1,1,1,0,0,19.0,0,0,0,0,0,0,0,0,0,1,0,0,0,0,0,0,0,1,0
988,0,0,0,1,1,1,0,1,35.0,1,0,0,0,0,0,0,0,0,1,0,0,0,0,0,0,0,1,0
989,1,0,0,0,1,0,1,1,42.0,1,0,0,0,0,0,0,0,0,1,0,0,0,0,0,0,0,1,0
990,0,0,0,1,1,0,0,1,35.0,0,0,0,0,0,0,0,0,0,1,0,0,0,0,0,0,0,1,0
991,0,0,1,1,1,0,0,1,35.0,1,0,0,0,0,0,0,0,0,1,0,0,0,0,0,0,0,1,0
992,0,1,1,0,0,1,0,0,19.0,0,0,0,0,0,0,0,0,0,1,0,0,0,1,0,0,0,0,0
993,1,0,0,0,1,0,1,1,42.0,1,0,0,0,0,0,0,0,0,1,0,0,0,0,0,0,0,1,0
994,1,0,0,1,1,1,0,1,42.0,1,0,0,0,0,0,0,0,0,1,0,0,0,0,0,0,0,1,0
995,1,1,0,0,1,1,1,0,18.0,1,0,1,0,0,0,0,0,0,1,0,0,0,0,0,0,0,1,0
996,1,0,1,1,1,0,0,0,11.0,1,0,1,0,0,0,0,0,0,1,0,0,0,0,0,0,0,0,0
997,1,0,0,1,1,1,0,0,19.0,0,0,0,0,0,0,0,0,0,1,0,0,0,0,0,0,1,0,0
998,0,1,1,0,0,1,0,0,19.0,1,0,0,0,0,0,0,0,0,1,0,0,0,0,0,0,0,1,0
999,1,0,1,1,1,0,0,1,50.0,1,0,1,0,0,0,0,0,0,1,0,0,0,0,0,0,0,1,0
1000,1,0,0,0,1,0,0,1,42.0,1,0,0,0,0,0,0,0,0,1,0,0,0,0,0,0,0,1,0
1001,0,0,1,1,1,0,0,1,35.0,0,0,0,0,0,0,0,0,0,1,0,0,0,0,0,0,0,1,0
1002,0,1,1,1,1,1,0,1,28.0,1,0,1,0,0,0,0,0,0,1,0,0,0,0,0,0,0,1,0
1003,1,0,1,0,0,0,0,1,42.0,1,0,0,0,0,0,0,0,0,1,0,0,0,1,0,0,0,0,0
1004,1,0,0,1,1,1,0,0,19.0,0,0,0,0,0,0,0,0,0,1,0,0,0,0,0,0,0,0,1
1005,0,0,1,1,1,0,0,1,21.0,1,0,1,0,0,0,0,0,0,1,0,0,0,0,0,0,0,1,0
1006,1,0,1,1,1,1,0,0,19.0,0,0,0,0,0,0,0,0,0,1,0,0,0,0,0,0,1,0,0
1007,1,0,1,0,0,0,0,1,42.0,1,1,0,0,0,0,0,0,0,0,0,0,0,1,0,0,0,0,0
1008,1,1,0,1,0,0,0,1,42.0,1,0,0,0,0,0,0,0,0,1,0,0,0,0,0,0,0,1,0
1009,0,0,1,1,1,1,0,1,16.0,1,1,1,0,0,1,0,0,0,0,0,0,0,0,0,0,0,1,0
1010,1,0,1,0,0,1,0,1,42.0,1,1,0,0,0,0,0,0,0,0,0,0,0,1,0,0,0,0,0
1011,1,0,1,0,0,0,0,1,42.0,0,0,0,0,0,0,0,0,0,1,0,0,0,0,0,0,0,1,0
1012,0,0,1,0,0,0,0,1,35.0,1,1,0,0,0,0,0,0,0,0,0,0,0,1,0,0,0,0,0
1013,1,0,1,0,0,0,1,1,42.0,1,0,0,0,0,0,0,0,0,1,0,0,0,1,0,0,0,0,0
1014,1,0,0,0,1,0,0,1,50.0,1,0,1,0,0,0,0,0,0,1,0,0,0,0,0,0,0,1,0
1015,1,0,1,0,1,0,0,1,42.0,0,0,0,0,0,0,0,0,0,1,0,0,0,0,0,0,0,1,0
1016,0,0,0,0,1,1,1,0,19.0,1,0,1,0,0,0,0,0,0,1,0,0,0,0,0,0,0,1,0
1017,1,0,0,1,1,0,0,1,42.0,1,0,0,0,0,0,0,0,0,1,0,0,0,0,0,0,0,1,0
1018,0,0,1,1,1,1,0,0,19.0,1,0,0,0,0,0,0,0,0,1,0,0,0,0,0,0,1,0,0
1019,0,0,0,1,1,1,0,0,19.0,1,0,1,0,0,0,0,0,0,1,0,0,0,0,0,1,0,0,0
1020,1,1,1,1,1,1,0,0,15.0,1,0,1,0,0,0,0,0,0,1,0,0,0,0,0,0,0,0,0
1021,0,0,0,1,1,1,0,0,19.0,0,0,0,0,0,0,0,0,0,1,0,0,0,0,0,0,0,1,0
1022,1,0,1,1,1,1,0,1,27.0,1,0,1,0,0,0,0,0,0,1,0,0,0,0,0,0,0,1,0
1023,0,0,1,1,1,0,1,0,41.0,1,0,1,0,0,0,0,0,0,1,0,0,0,0,0,0,0,1,0
1024,0,0,0,1,1,0,1,0,19.0,1,0,0,0,0,0,0,0,0,1,0,0,0,0,0,0,0,1,0
1025,0,0,1,1,1,0,0,0,9.0,1,0,1,0,0,0,0,0,0,1,0,0,0,0,0,0,0,0,0
1026,1,1,1,1,0,0,0,1,42.0,0,0,0,0,0,0,0,0,0,1,0,0,0,0,0,0,0,1,0
1027,0,1,1,0,0,1,0,0,19.0,0,0,0,0,0,0,0,0,0,1,0,0,0,0,0,0,0,0,1
1028,1,1,1,1,1,1,0,1,42.0,0,0,0,0,0,0,0,0,0,1,0,0,0,0,0,0,0,1,0
1029,0,0,1,1,1,1,1,1,7.0,1,0,1,0,0,0,0,0,0,1,0,0,0,0,0,0,0,1,0
1030,0,0,1,1,1,0,0,0,8.0,1,0,1,0,0,0,0,0,0,1,0,0,0,0,0,0,0,1,0
1031,1,0,1,1,1,0,0,1,42.0,1,0,0,0,0,0,0,0,0,1,0,0,0,0,0,0,0,1,0
1032,1,0,0,0,1,0,0,1,42.0,1,0,0,0,0,0,0,0,0,1,0,0,0,0,0,0,0,1,0
1033,0,0,0,0,1,1,0,1,35.0,1,0,0,0,0,0,0,0,0,1,0,0,0,0,0,0,0,1,0
1034,1,0,1,0,0,0,0,1,42.0,1,1,0,0,0,0,0,0,0,0,0,0,0,1,0,0,0,0,0
1035,1,0,0,0,1,1,0,1,42.0,1,0,0,0,0,0,0,0,0,1,0,0,0,0,0,0,0,0,1
1036,1,1,1,1,1,0,0,1,42.0,1,0,0,0,0,0,0,0,0,1,0,0,0,0,0,0,0,1,0
1037,1,0,0,0,1,1,0,1,42.0,1,0,0,0,0,0,0,0,0,1,0,0,0,0,0,0,0,1,0
1038,1,1,1,1,1,1,1,1,42.0,1,0,0,0,0,0,0,0,0,1,0,0,0,0,0,0,0,1,0
1039,0,0,1,1,1,1,0,1,35.0,1,0,0,0,0,0,0,0,0,1,0,0,0,0,0,0,0,0,1
1040,1,0,0,0,0,0,0,1,42.0,1,0,0,0,0,0,0,0,0,1,0,0,0,0,0,0,0,0,0
1041,1,0,0,0,1,0,1,1,42.0,1,0,0,0,0,0,0,0,0,1,0,0,0,0,0,0,0,1,0
1042,1,0,0,0,1,1,0,1,42.0,1,0,0,0,0,0,0,0,0,1,0,0,0,0,0,0,0,1,0
1043,1,0,0,1,1,1,0,0,19.0,0,0,0,0,0,0,0,0,0,1,0,0,0,0,0,0,1,0,0
1044,0,1,1,1,1,1,0,0,19.0,1,0,0,0,0,0,0,0,0,1,0,0,0,0,0,1,0,0,0
1045,1,0,1,1,1,0,1,1,42.0,1,0,0,0,0,0,0,0,0,1,0,0,0,0,0,0,0,1,0
1046,1,1,1,1,1,1,0,0,19.0,1,0,0,0,0,0,0,0,0,1,0,0,0,0,0,1,0,0,0
1047,0,1,0,1,1,1,0,1,35.0,1,0,0,0,0,0,0,0,0,1,0,0,0,0,0,0,0,1,0
1048,1,0,0,1,1,1,0,0,19.0,0,0,0,0,0,0,0,0,0,1,0,0,0,0,0,0,1,0,0
1049,1,0,0,0,0,0,0,1,100.0,0,0,1,0,0,0,0,0,0,1,0,0,0,0,0,0,0,1,0
1050,1,0,1,1,1,0,0,0,10.0,1,0,1,0,0,0,0,0,0,1,0,0,0,0,0,0,0,1,0
1051,1,0,1,0,0,0,0,1,42.0,0,0,0,0,0,0,0,0,0,1,0,0,0,0,0,0,0,1,0
1052,1,1,1,1,1,1,0,1,42.0,1,1,0,0,0,0,1,0,0,0,0,0,0,0,0,1,0,0,0
1053,1,0,1,1,0,0,0,1,42.0,1,0,0,0,0,0,0,0,0,1,0,0,0,0,0,0,0,0,1
1054,1,1,1,1,1,1,1,1,42.0,1,0,0,0,0,0,0,0,0,1,0,0,0,0,0,0,0,1,0
1055,0,0,0,1,1,1,0,1,35.0,1,0,0,0,0,0,0,0,0,1,0,0,0,0,0,0,0,1,0
1056,1,0,0,0,1,1,0,1,42.0,1,0,0,0,0,0,0,0,0,1,0,0,0,0,0,0,0,1,0
1057,1,0,0,1,0,0,0,1,42.0,0,0,0,0,0,0,0,0,0,1,0,0,0,0,0,0,0,1,0
1058,1,0,0,1,1,1,0,1,42.0,1,0,0,0,0,0,0,0,0,1,0,0,0,0,0,0,0,1,0
1059,1,0,0,1,1,1,0,1,42.0,1,0,0,0,0,0,0,0,0,1,0,0,0,0,0,0,0,1,0
1060,1,0,0,1,1,1,0,1,55.0,1,0,1,0,0,0,0,0,0,1,0,0,0,0,0,0,0,1,0
1061,1,0,0,0,1,1,0,1,42.0,1,0,0,0,0,0,0,0,0,1,0,0,0,0,0,0,0,1,0
1062,1,0,0,0,1,0,0,1,42.0,1,0,0,0,0,0,0,0,0,1,0,0,0,0,0,0,0,1,0
1063,1,0,0,0,0,0,0,1,42.0,0,0,0,0,0,0,0,0,0,1,0,0,0,0,0,0,0,1,0
1064,1,0,1,1,0,0,0,1,42.0,1,0,0,0,0,0,0,0,0,1,0,0,0,0,0,0,0,0,1
1065,1,1,1,1,1,1,0,1,42.0,1,0,0,0,0,0,0,0,0,1,0,0,0,0,0,0,0,1,0
1066,0,0,0,1,1,1,0,0,19.0,1,0,0,0,0,0,0,0,0,1,0,0,0,0,0,0,0,1,0
1067,1,0,0,1,0,0,0,1,42.0,0,1,0,0,0,0,0,1,0,0,0,0,0,0,0,0,0,1,0
1068,1,0,0,0,0,1,0,1,42.0,1,0,0,0,0,0,0,0,0,1,0,0,0,0,0,0,0,1,0
1069,0,0,0,1,1,1,0,0,19.0,0,0,0,0,0,0,0,0,0,1,0,0,0,0,0,0,1,0,0
1070,1,1,1,1,1,0,0,0,19.0,1,0,0,0,0,0,0,0,0,1,0,0,0,0,0,0,1,0,0
1071,1,0,1,1,0,0,0,1,42.0,0,0,0,0,0,0,0,0,0,1,0,0,0,0,0,0,0,1,0
1072,1,0,1,1,0,0,0,1,46.0,1,0,1,0,0,0,0,0,0,1,0,0,0,0,0,0,0,1,0
1073,1,0,0,0,1,1,0,1,42.0,1,1,0,0,0,0,1,0,0,0,0,0,0,0,0,0,0,1,0
1074,0,0,0,0,1,0,1,1,35.0,1,0,0,0,0,0,0,0,0,1,0,0,0,0,0,0,0,1,0
1075,1,0,0,0,0,0,0,1,42.0,1,0,0,0,0,0,0,0,0,1,0,0,0,0,0,0,0,1,0
1076,1,0,0,0,0,0,0,1,42.0,0,0,1,0,0,0,0,0,0,1,0,0,0,0,0,0,0,1,0
1077,0,0,0,1,1,1,0,0,19.0,0,0,0,0,0,0,0,0,0,1,0,0,0,0,0,0,1,0,0
1078,1,1,1,1,0,0,0,0,19.0,0,0,0,0,0,0,0,0,0,1,0,0,0,0,0,0,1,0,0
1079,1,1,1,1,1,1,0,0,24.0,1,0,1,0,0,0,0,0,0,1,0,0,0,0,0,0,1,0,0
1080,1,1,1,1,1,0,0,1,42.0,1,0,0,0,0,0,0,0,0,1,0,0,0,0,0,0,0,1,0
1081,1,0,1,1,1,1,0,1,42.0,1,0,0,0,0,0,0,0,0,1,0,0,0,0,0,0,0,1,0
1082,1,0,1,0,0,0,0,1,42.0,1,0,0,0,0,0,0,0,0,1,0,0,0,0,0,0,0,1,0
1083,1,1,0,0,1,1,0,1,42.0,1,0,0,0,0,0,0,0,0,1,0,0,0,0,0,0,0,1,0
1084,1,1,0,0,0,0,0,1,42.0,0,0,0,0,0,0,0,0,0,1,0,0,0,0,0,1,0,0,0
1085,0,1,0,0,0,0,0,1,35.0,1,0,0,0,0,0,0,0,0,1,0,0,0,0,0,0,0,1,0
1086,1,0,0,1,1,1,0,1,42.0,1,0,0,0,0,0,0,0,0,1,0,0,0,0,0,0,1,0,0
1087,1,0,0,0,0,0,0,1,42.0,0,0,0,0,0,0,0,0,0,1,0,0,0,0,0,0,0,1,0
1088,1,0,0,0,1,1,0,1,42.0,0,0,0,0,0,0,0,0,0,1,0,0,0,0,0,0,0,1,0
1089,1,0,0,0,0,0,0,1,30.0,0,0,1,0,0,0,0,0,0,1,0,0,0,0,0,0,0,1,0
1090,1,0,0,0,1,1,0,1,42.0,1,0,0,0,0,0,0,0,0,1,0,0,0,0,0,0,0,1,0
1091,1,0,1,1,1,0,0,1,51.0,1,0,1,0,0,0,0,0,0,1,0,0,0,0,0,0,0,1,0
1092,1,1,1,1,1,1,0,1,42.0,0,0,0,0,0,0,0,0,0,1,0,0,0,0,0,0,0,1,0
1093,1,1,0,0,0,0,0,1,42.0,1,1,0,0,0,0,1,0,0,0,0,0,0,0,0,0,0,1,0
1094,1,1,1,1,1,1,0,1,42.0,1,0,0,0,0,0,0,0,0,1,0,0,0,0,0,0,0,1,0
1095,1,0,0,0,0,1,0,1,42.0,1,0,0,0,0,0,0,0,0,1,0,0,0,0,0,0,0,1,0
1096,1,0,1,1,1,0,1,1,42.0,1,0,0,0,0,0,0,0,0,1,0,0,0,0,0,0,0,1,0
1097,1,0,1,1,1,0,0,0,18.0,1,0,1,0,0,0,0,0,0,1,0,0,0,0,0,0,0,0,0
1098,1,1,1,1,1,1,0,1,42.0,1,0,0,0,0,0,0,0,0,1,0,0,0,0,0,0,0,1,0
1099,1,0,1,1,0,0,0,1,42.0,0,0,0,0,0,0,0,0,0,1,0,0,0,0,0,0,0,1,0
1100,1,0,0,1,1,1,0,1,42.0,1,0,0,0,0,0,0,0,0,1,0,0,0,0,0,0,0,1,0
1101,1,0,0,0,1,1,0,1,42.0,1,0,0,0,0,0,0,0,0,1,0,0,0,0,0,0,0,1,0
1102,1,0,0,0,1,1,0,1,42.0,1,0,0,0,0,0,0,0,0,1,0,0,0,0,0,0,0,1,0
1103,1,0,0,0,0,1,0,1,42.0,1,1,0,0,0,0,0,0,0,0,0,0,0,0,0,0,0,0,1
1104,1,0,0,1,1,0,0,1,42.0,1,0,0,0,0,0,0,0,0,1,0,0,0,0,0,0,0,1,0
1105,1,1,1,1,0,1,0,1,42.0,0,0,0,0,0,0,0,0,0,1,0,0,0,1,0,0,0,0,0
1106,1,0,0,0,0,0,0,1,42.0,0,0,0,0,0,0,0,0,0,1,0,0,0,0,0,0,0,1,0
1107,1,0,0,0,0,0,0,1,42.0,0,0,0,0,0,0,0,0,0,1,0,0,0,0,0,0,0,1,0
1108,0,0,0,0,1,1,0,1,35.0,1,0,0,0,0,0,0,0,0,1,0,0,0,0,0,0,0,1,0
1109,0,0,0,0,1,0,0,1,75.0,1,0,1,0,0,0,0,0,0,1,0,0,0,0,0,0,0,1,0
1110,0,1,1,1,1,1,0,0,19.0,1,0,0,0,0,0,0,0,0,1,0,0,0,0,0,0,0,1,0
1111,0,1,1,1,1,0,0,0,19.0,1,0,0,0,0,0,0,0,0,1,0,0,0,1,0,0,0,0,0
1112,0,1,1,1,1,1,0,0,9.0,1,0,1,0,0,0,0,0,0,1,0,1,0,0,0,0,0,0,0
1113,1,0,1,1,1,1,1,1,39.0,1,0,1,0,0,0,0,0,0,1,0,0,0,0,0,0,0,0,0
1114,0,1,1,1,1,1,1,0,19.0,1,0,0,0,0,0,0,0,0,1,0,0,0,0,0,1,0,0,0
1115,1,1,1,1,0,1,0,1,42.0,0,0,0,0,0,0,0,0,0,1,0,0,0,0,0,0,1,0,0
1116,1,0,0,1,1,1,0,0,19.0,0,0,0,0,0,0,0,0,0,1,0,0,0,0,0,0,0,0,1
1117,1,0,0,0,0,0,1,1,42.0,0,0,0,0,0,0,0,0,0,1,0,1,0,0,0,0,0,0,0
1118,1,0,0,0,1,0,0,1,42.0,1,0,0,0,1,0,0,0,0,1,0,0,0,0,0,0,0,1,0
1119,0,0,0,0,1,1,0,1,35.0,1,0,0,0,0,0,0,0,0,1,0,0,0,0,0,0,0,1,0
1120,1,1,1,1,1,1,0,0,19.0,1,0,0,0,0,0,0,0,0,1,0,0,0,0,0,0,1,0,0
1121,0,0,0,0,0,0,0,1,35.0,0,0,0,0,0,0,0,0,0,1,0,0,0,0,0,0,0,1,0
1122,0,0,1,1,1,0,1,0,19.0,1,0,0,0,0,0,0,0,0,1,0,0,0,0,0,0,0,1,0
1123,1,0,0,1,1,0,1,0,19.0,1,0,0,0,0,0,0,0,0,1,0,0,0,0,0,0,0,1,0
1124,0,0,1,1,1,0,0,0,12.0,1,0,1,0,0,0,0,0,0,1,0,0,0,0,0,0,0,1,0
1125,0,0,1,1,1,1,0,0,19.0,1,0,0,0,0,0,0,0,0,1,0,0,0,0,0,0,0,0,0
1126,0,0,1,1,1,0,1,0,19.0,1,0,0,0,0,0,0,0,0,1,0,0,0,0,0,0,0,1,0
1127,1,0,0,0,0,0,0,1,15.0,0,0,1,0,0,0,0,0,0,1,0,0,0,0,0,0,0,1,0
1128,1,0,0,0,0,0,0,1,100.0,0,0,1,0,0,0,0,0,0,1,0,0,0,0,0,0,0,1,0
1129,0,0,0,0,1,1,0,1,35.0,1,0,0,0,0,0,0,0,0,1,0,0,0,0,0,0,0,1,0
1130,0,0,1,1,1,0,0,0,9.0,1,0,1,0,0,0,0,0,0,1,0,0,0,0,0,0,0,1,0
1131,0,0,0,0,1,1,0,1,35.0,1,1,0,0,0,0,1,0,0,0,0,0,0,0,0,0,0,1,0
1132,0,0,0,1,1,1,0,0,19.0,1,0,0,0,0,0,0,0,0,1,0,0,0,0,0,0,0,1,0
1133,0,0,0,0,1,1,0,1,35.0,1,0,0,0,0,0,0,0,0,1,0,0,0,0,0,0,0,1,0
1134,1,0,1,1,1,0,1,1,42.0,1,0,0,0,0,0,0,0,0,1,0,0,0,0,0,0,0,1,0
1135,1,0,1,0,0,0,0,1,42.0,1,1,0,0,0,0,0,0,0,0,0,0,0,1,0,0,0,0,0
1136,0,0,1,1,1,0,0,0,14.0,1,0,1,0,0,0,0,0,0,1,0,0,0,0,0,0,0,0,0
1137,1,0,1,0,0,0,1,1,42.0,1,0,0,0,0,0,0,0,0,1,0,0,0,1,0,0,0,0,0
1138,1,0,1,1,0,0,0,1,42.0,1,0,0,0,0,0,0,0,0,1,0,0,0,0,0,0,0,0,1
1139,1,0,1,0,0,0,0,1,42.0,1,1,0,0,0,0,0,0,0,0,0,0,0,1,0,0,0,0,0
1140,1,0,0,1,1,0,0,1,42.0,0,0,0,0,1,0,0,0,0,1,0,0,0,0,0,0,0,1,0
1141,0,0,0,0,1,1,0,0,27.0,1,0,1,0,0,0,0,0,0,1,0,0,0,0,0,0,0,1,0
1142,0,0,0,0,1,1,1,0,19.0,1,0,0,0,0,0,0,0,0,1,0,0,0,0,0,0,0,1,0
1143,0,1,1,1,1,1,0,0,17.0,1,0,1,0,0,0,0,0,0,1,0,1,0,0,0,0,0,0,0
1144,0,0,1,1,1,0,1,0,19.0,1,0,0,0,0,0,0,0,0,1,0,0,0,0,0,0,0,0,0
1145,1,0,0,1,1,0,0,1,82.0,0,0,1,0,0,0,0,0,0,1,0,0,0,0,0,0,0,0,1
1146,0,0,0,1,1,0,0,0,19.0,1,0,0,0,0,0,0,0,0,1,0,0,0,0,0,0,0,1,0
1147,1,0,0,1,0,0,0,1,42.0,1,0,0,0,0,0,0,0,0,1,0,0,0,1,0,0,0,0,0
1148,1,0,1,1,1,1,0,0,54.0,1,0,1,0,0,0,0,0,0,1,0,0,0,0,0,0,1,0,0
1149,1,0,0,1,1,1,0,1,42.0,1,0,0,0,0,0,0,0,0,1,0,0,0,0,0,0,0,1,0
1150,0,0,0,0,0,1,0,1,35.0,1,0,0,0,0,0,0,0,0,1,0,0,0,0,0,0,0,1,0
1151,1,1,1,0,1,1,0,0,20.0,0,0,1,0,0,0,0,0,0,1,0,0,0,1,0,0,0,0,0
1152,0,0,1,1,1,0,1,0,43.0,1,0,1,0,0,0,0,0,0,1,0,0,0,0,0,0,0,0,0
1153,1,0,0,0,1,1,0,1,42.0,1,0,0,0,0,0,0,0,0,1,0,0,0,0,0,0,0,1,0
1154,1,0,1,1,0,0,0,0,19.0,0,0,0,0,0,0,0,0,0,1,0,0,0,0,0,0,1,0,0
1155,1,0,1,1,1,0,0,0,19.0,1,0,1,0,0,0,0,0,0,1,0,0,0,0,0,0,0,1,0
1156,0,0,0,1,1,1,0,1,35.0,1,0,0,0,0,0,0,0,0,1,0,0,0,0,0,0,0,1,0
1157,0,0,0,1,1,1,1,0,19.0,1,0,0,0,0,0,0,0,0,1,0,1,0,0,0,0,0,0,0
1158,1,0,0,0,0,1,0,1,46.0,1,0,1,0,0,0,0,0,0,1,0,0,0,0,0,0,1,0,0
1159,1,0,0,1,1,1,0,0,19.0,1,0,0,0,0,0,0,0,0,1,0,0,0,0,0,0,1,0,0
1160,1,1,1,1,1,1,0,1,42.0,0,0,0,0,0,0,0,0,0,1,0,0,0,0,0,0,0,1,0
1161,1,0,0,1,1,0,1,1,42.0,1,0,0,0,0,0,0,0,0,1,0,0,0,0,0,0,0,1,0
1162,0,0,0,0,1,1,1,0,19.0,1,0,0,0,0,0,0,0,0,1,0,0,0,0,0,0,0,1,0
1163,0,0,0,1,1,1,1,1,35.0,1,1,0,0,0,1,0,0,0,0,0,0,0,0,0,0,0,1,0
1164,0,0,1,1,1,0,1,0,19.0,1,0,0,0,0,0,0,0,0,1,0,0,0,0,0,0,0,1,0
1165,0,0,0,1,1,1,0,1,35.0,1,1,0,0,0,0,1,0,0,0,0,0,0,0,0,0,0,1,0
1166,0,0,0,0,0,0,0,0,19.0,1,0,0,0,0,0,0,0,0,1,0,0,0,0,0,0,0,1,0
1167,0,1,1,1,1,1,0,1,35.0,1,1,0,0,0,0,1,0,0,0,0,0,0,0,0,0,0,1,0
1168,0,0,1,1,1,1,1,1,35.0,1,0,0,0,0,0,0,0,0,1,0,0,0,0,0,0,0,1,0
1169,0,0,1,1,1,1,0,1,35.0,1,0,0,0,0,0,0,0,0,1,0,0,0,0,0,0,0,1,0
1170,1,0,0,0,0,0,0,1,42.0,0,0,0,0,0,0,0,0,0,1,0,0,0,0,0,0,0,1,0
1171,0,0,0,1,1,1,0,0,12.0,1,0,1,0,1,0,0,0,0,1,0,0,0,0,0,0,0,1,0
1172,0,1,0,1,0,0,0,1,35.0,0,1,0,0,0,0,1,0,0,0,0,0,0,0,0,0,0,1,0
1173,0,0,0,0,1,1,0,1,35.0,1,0,0,0,0,0,0,0,0,1,0,0,0,0,0,0,0,1,0
1174,0,0,0,0,1,1,0,0,19.0,1,0,0,0,0,0,0,0,0,1,0,0,0,0,0,0,0,1,0
1175,1,0,1,1,1,1,0,0,56.0,1,0,1,0,0,0,0,0,0,1,0,0,0,0,0,0,0,1,0
1176,1,0,1,1,1,1,1,1,42.0,1,1,0,0,0,0,1,0,0,0,0,0,0,0,0,0,0,1,0
1177,1,0,0,1,1,0,0,1,22.0,1,1,1,0,0,0,1,0,0,0,0,0,0,0,0,0,0,1,0
1178,0,0,0,1,1,1,0,1,35.0,1,0,0,0,0,0,0,0,0,1,0,1,0,0,0,0,0,0,0
1179,1,0,0,1,0,0,1,1,42.0,1,1,0,0,1,0,1,0,0,0,0,0,0,0,0,1,0,0,0
1180,1,0,0,0,1,1,0,0,15.0,1,0,1,0,1,0,0,0,0,1,0,0,0,0,0,0,0,1,0
1181,0,0,1,1,1,1,0,1,35.0,1,0,0,0,0,0,0,0,0,1,0,0,0,0,0,0,0,1,0
1182,1,0,0,0,0,0,0,1,81.0,0,1,1,0,0,0,0,1,0,0,0,0,0,0,0,0,0,1,0
1183,1,0,0,1,1,1,0,1,42.0,1,1,0,0,0,0,1,0,0,0,0,0,0,0,0,0,0,1,0
1184,0,1,1,0,0,0,0,1,9.0,0,1,1,0,0,0,1,0,0,0,0,0,0,0,0,0,0,1,0
1185,1,0,0,1,1,0,0,1,42.0,1,0,0,0,0,0,0,0,0,1,0,0,0,0,0,0,0,1,0
1186,1,0,1,1,1,1,0,1,42.0,1,0,0,0,0,0,0,0,0,1,0,0,0,0,0,0,0,1,0
1187,1,0,0,1,0,0,0,1,42.0,1,0,0,0,0,0,0,0,0,1,0,0,0,0,0,0,0,1,0
1188,0,1,1,1,1,1,0,0,19.0,1,0,0,0,0,0,0,0,0,1,0,0,0,0,1,0,0,0,0
1189,0,0,0,1,1,1,1,0,21.0,1,0,1,0,0,0,0,0,0,1,0,0,0,0,0,0,0,1,0
1190,1,1,1,1,1,1,1,1,41.0,0,0,1,0,0,0,0,0,0,1,0,0,0,0,0,0,0,0,0
1191,1,1,1,1,1,0,0,1,39.0,0,0,1,0,0,0,0,0,0,1,0,0,0,0,0,0,0,1,0
1192,1,0,1,1,1,1,0,0,19.0,0,0,0,0,0,0,0,0,0,1,0,0,0,0,0,0,0,0,1
1193,1,0,1,1,1,1,0,1,42.0,0,0,0,0,0,0,0,0,0,1,0,0,0,0,0,0,0,1,0
1194,1,1,1,1,1,1,0,1,60.0,1,0,1,0,0,0,0,0,0,1,0,0,0,0,0,0,0,1,0
1195,1,1,1,1,1,1,0,0,18.0,1,0,1,0,0,0,0,0,0,1,0,0,0,0,0,0,0,1,0
1196,1,1,1,1,1,1,1,1,56.0,1,0,1,0,0,0,0,0,0,1,0,0,0,0,0,0,0,0,0
1197,1,0,0,0,1,1,0,1,45.0,1,0,1,0,0,0,0,0,0,1,0,0,0,0,0,0,0,1,0
1198,0,0,1,1,1,1,1,1,46.0,1,0,1,0,0,0,0,0,0,1,0,0,0,0,0,0,0,1,0
1199,1,0,0,0,0,0,1,1,42.0,0,0,0,0,0,0,0,0,0,1,0,0,0,0,0,0,0,1,0
1200,0,0,1,1,1,1,1,0,54.0,1,0,1,0,0,0,0,0,0,1,0,0,0,0,0,0,0,0,0
1201,0,0,0,0,1,1,0,0,28.0,1,0,1,0,0,0,0,0,0,1,0,0,0,0,0,0,0,1,0
1202,0,0,1,1,1,0,1,0,56.0,1,0,1,0,0,0,0,0,0,1,0,0,0,0,0,0,0,0,0
1203,1,0,1,1,0,0,0,1,42.0,0,0,0,0,0,0,0,0,0,1,0,0,0,0,0,0,1,0,0
1204,1,0,1,1,1,0,0,0,21.0,1,0,1,0,0,0,0,0,0,1,0,0,0,0,0,0,0,0,0
1205,0,0,0,0,1,1,0,1,35.0,1,0,0,0,0,0,0,0,0,1,0,0,0,0,0,0,0,1,0
1206,0,0,0,1,1,1,1,1,35.0,1,0,0,0,0,0,0,0,0,1,0,1,0,0,0,0,0,0,0
1207,1,0,1,1,1,1,0,1,42.0,0,0,0,0,0,0,0,0,0,1,0,0,0,0,0,0,0,1,0
1208,0,0,1,1,1,0,0,0,43.0,1,0,1,0,0,0,0,0,0,1,0,0,0,0,0,0,0,1,0
1209,0,0,1,1,1,0,1,0,19.0,1,0,0,0,0,0,0,0,0,1,0,0,0,0,0,0,0,1,0
1210,0,0,1,1,1,0,0,0,19.0,1,0,1,0,0,0,0,0,0,1,0,0,0,0,0,0,0,0,0
1211,1,0,0,0,1,1,1,1,42.0,1,1,0,0,1,0,0,0,1,0,0,0,0,0,0,0,0,1,0
1212,1,0,0,1,1,1,0,1,22.0,1,0,1,0,0,0,0,0,0,1,0,0,0,0,0,0,0,1,0
1213,1,0,0,1,0,0,0,1,42.0,1,1,0,0,0,0,1,0,0,0,0,0,0,0,0,0,1,0,0
1214,0,0,1,1,1,0,1,0,19.0,1,0,0,0,0,0,0,0,0,1,0,0,0,0,0,0,0,1,0
1215,1,0,0,0,0,0,0,1,25.0,0,1,1,0,0,0,0,0,1,0,0,0,0,0,1,0,0,0,0
1216,0,1,1,1,1,1,0,0,19.0,1,0,0,0,0,0,0,0,0,1,0,0,0,0,0,0,0,0,0
1217,1,0,1,1,1,1,0,0,20.0,1,0,1,0,1,0,0,0,0,1,0,1,0,0,0,0,0,0,0
1218,1,0,1,1,1,0,0,1,42.0,1,0,0,0,0,0,0,0,0,1,0,0,0,0,0,0,0,1,0
1219,0,0,1,1,1,0,0,0,11.0,1,0,1,0,0,0,0,0,0,1,0,0,0,0,0,0,0,0,0
1220,1,1,1,1,1,1,0,0,19.0,1,0,0,0,0,0,0,0,0,1,0,0,0,0,0,0,1,0,0
1221,1,0,0,1,1,1,0,0,19.0,0,0,0,0,0,0,0,0,0,1,0,0,0,0,0,0,1,0,0
1222,1,0,0,0,0,0,0,1,42.0,0,1,0,0,0,0,1,0,0,0,0,0,0,0,0,0,0,1,0
1223,1,1,1,0,0,0,0,1,42.0,0,0,0,0,1,0,0,0,0,1,0,0,0,0,0,0,0,1,0
1224,0,0,0,1,1,1,0,0,19.0,1,0,1,0,0,0,0,0,0,1,0,0,0,0,0,1,0,0,0
1225,0,0,1,1,1,1,0,1,35.0,1,1,0,0,0,0,1,0,0,0,0,0,0,0,0,0,0,1,0
1226,0,0,1,1,1,0,1,0,19.0,1,0,0,0,0,0,0,0,0,1,0,0,0,0,0,0,0,1,0
1227,0,0,1,1,1,0,1,0,19.0,1,0,0,0,0,0,0,0,0,1,0,0,0,0,0,0,0,1,0
1228,0,0,1,1,1,0,1,0,19.0,1,0,0,0,0,0,0,0,0,1,0,0,0,0,0,0,0,1,0
1229,0,0,1,1,1,1,0,0,19.0,1,0,0,0,0,0,0,0,0,1,0,0,0,0,0,0,0,0,0
1230,1,0,0,1,1,0,1,1,42.0,1,0,0,0,0,0,0,0,0,1,0,0,0,0,0,0,0,1,0
1231,0,0,1,1,1,1,0,1,35.0,1,0,0,0,0,0,0,0,0,1,0,0,0,0,0,0,0,0,1
1232,0,0,0,1,1,1,0,0,19.0,1,0,0,0,0,0,0,0,0,1,0,0,0,0,0,0,0,1,0
1233,0,0,1,1,1,0,0,0,17.0,1,0,1,0,0,0,0,0,0,1,0,0,0,0,0,0,0,0,0
1234,1,0,0,1,1,0,0,1,42.0,1,0,0,0,0,0,0,0,0,1,0,0,0,0,0,0,0,1,0
1235,1,0,0,0,0,1,0,1,42.0,1,0,0,0,0,0,0,0,0,1,0,0,0,0,0,0,0,1,0
1236,0,1,1,1,1,1,1,0,19.0,1,0,0,0,0,0,0,0,0,1,0,0,0,0,0,1,0,0,0
1237,0,0,0,0,1,1,0,0,19.0,1,0,0,0,0,0,0,0,0,1,0,0,0,0,0,0,0,1,0
1238,1,0,0,1,1,0,0,1,12.0,1,1,1,0,0,0,1,0,0,0,0,0,0,0,0,0,0,1,0
1239,1,0,0,0,1,0,0,1,42.0,1,0,0,0,0,0,0,0,0,1,0,0,0,0,0,0,0,0,1
1240,1,0,1,1,0,0,0,1,42.0,0,1,0,0,0,0,1,0,0,0,0,0,0,0,0,0,0,1,0
1241,0,0,0,0,1,1,0,1,35.0,1,0,0,0,0,0,0,0,0,1,0,0,0,0,0,0,0,1,0
1242,1,1,1,1,1,1,0,1,42.0,1,0,0,0,0,0,0,0,0,1,0,0,0,0,0,0,0,1,0
1243,0,0,1,1,1,1,1,1,37.0,1,1,1,0,0,1,0,0,0,0,0,0,0,0,0,0,0,0,0
1244,0,0,1,1,1,1,0,1,35.0,1,0,0,0,0,0,0,0,0,1,0,0,0,0,0,0,1,0,0
1245,1,1,1,1,1,1,0,0,19.0,1,0,0,0,0,0,0,0,0,1,0,0,0,0,0,1,0,0,0
1246,1,0,0,1,1,1,1,0,19.0,1,0,0,0,0,0,0,0,0,1,0,0,0,0,0,0,0,0,1
1247,1,0,0,1,1,1,0,0,19.0,0,0,0,0,0,0,0,0,0,1,0,0,0,0,0,0,1,0,0
1248,1,0,0,0,0,0,0,0,19.0,1,0,0,0,0,0,0,0,0,1,0,0,0,0,1,0,0,0,0
1249,1,0,0,1,0,0,0,0,19.0,0,0,0,0,0,0,0,0,0,1,0,0,0,0,0,0,0,1,0
1250,1,0,1,1,1,0,1,0,47.0,1,0,1,0,0,0,0,0,0,1,0,0,0,0,0,0,0,1,0
1251,1,0,0,1,0,0,0,1,42.0,1,1,0,0,0,0,0,0,0,0,0,0,0,0,0,0,0,1,0
1252,1,0,0,1,1,0,0,1,42.0,0,0,0,0,0,0,0,0,0,1,0,0,0,0,0,0,0,1,0
1253,1,0,0,1,1,1,0,0,19.0,1,0,0,0,0,0,0,0,0,1,0,0,0,0,0,0,0,1,0
1254,1,0,0,1,1,0,0,1,42.0,1,0,0,0,0,0,0,0,0,1,0,0,0,0,0,0,0,1,0
1255,0,0,0,0,0,0,0,1,35.0,1,0,0,0,0,0,0,0,0,1,0,0,0,0,0,0,0,0,1
1256,0,1,1,1,1,1,0,0,19.0,1,0,0,0,0,0,0,0,0,1,0,1,0,0,0,0,0,0,0
1257,1,0,0,0,1,1,0,0,19.0,1,0,0,0,0,0,0,0,0,1,0,0,0,0,0,0,0,1,0
1258,0,0,1,1,1,1,0,1,35.0,1,0,0,0,0,0,0,0,0,1,0,0,0,0,0,0,0,1,0
1259,1,0,0,1,1,1,0,1,42.0,1,1,0,0,0,0,1,0,0,0,0,0,0,0,0,0,0,1,0
1260,0,0,0,1,1,1,0,1,35.0,1,0,0,0,0,0,0,0,0,1,0,0,0,0,0,0,0,1,0
1261,0,0,0,1,1,1,0,0,19.0,1,0,0,0,0,0,0,0,0,1,0,0,0,0,0,0,0,0,1
1262,1,0,0,0,1,1,0,0,19.0,1,0,0,0,0,0,0,0,0,1,0,0,0,0,0,0,0,1,0
1263,1,0,0,1,1,1,0,0,19.0,0,0,0,0,0,0,0,0,0,1,0,0,0,0,0,0,1,0,0
1264,1,1,1,1,1,1,0,0,24.0,1,0,1,0,1,0,0,0,0,1,0,0,0,0,0,0,0,0,0
1265,0,0,0,1,1,1,0,0,19.0,1,0,0,0,0,0,0,0,0,1,0,0,0,0,0,0,0,1,0
1266,1,0,0,1,1,0,1,1,42.0,1,0,0,0,0,0,0,0,0,1,0,0,0,0,0,1,0,0,0
1267,1,0,1,1,1,1,0,1,42.0,1,1,0,0,0,0,1,0,0,0,0,0,0,0,0,0,0,1,0
1268,1,0,0,0,1,0,0,1,42.0,0,1,0,0,0,0,1,0,0,0,0,0,0,0,0,0,0,1,0
1269,0,0,0,0,0,1,0,1,35.0,0,0,0,0,0,0,0,0,0,1,0,0,0,0,0,0,0,0,1
1270,0,0,1,1,1,0,0,1,35.0,1,0,0,0,0,0,0,0,0,1,0,0,0,0,0,0,0,0,1
1271,1,0,0,1,1,1,0,0,19.0,1,0,0,0,0,0,0,0,0,1,0,0,0,0,0,0,0,1,0
1272,0,0,0,0,0,0,0,1,35.0,1,0,0,0,0,0,0,0,0,1,0,0,0,0,0,0,0,1,0
1273,0,0,0,1,1,1,0,0,19.0,0,0,0,0,0,0,0,0,0,1,0,0,0,0,0,0,1,0,0
1274,0,0,0,0,1,1,0,1,35.0,1,1,0,0,0,0,1,0,0,0,0,0,0,0,0,0,0,1,0
1275,0,0,1,1,1,0,0,0,8.0,1,0,1,0,0,0,0,0,0,1,0,0,0,0,0,0,0,0,0
1276,1,0,0,1,1,1,0,0,19.0,1,0,0,0,0,0,0,0,0,1,0,0,0,0,0,0,0,1,0
1277,1,0,0,1,1,1,1,1,42.0,0,1,0,0,0,0,1,0,0,0,0,0,0,0,0,0,0,1,0
1278,1,0,0,0,0,0,0,1,42.0,1,0,0,0,0,0,0,0,0,1,0,0,0,0,0,0,0,1,0
1279,0,0,1,1,0,0,0,1,69.0,0,0,1,0,0,0,0,0,0,1,0,0,0,0,0,0,0,1,0
1280,0,0,0,1,1,0,0,0,19.0,0,0,0,0,0,0,0,0,0,1,0,0,0,0,0,0,0,1,0
1281,1,0,1,1,1,0,1,1,42.0,0,0,0,0,0,0,0,0,0,1,0,0,0,0,0,0,0,0,0
1282,1,1,1,1,1,1,0,0,19.0,1,0,0,0,0,0,0,0,0,1,0,0,0,0,0,0,0,1,0
1283,0,0,1,1,1,0,0,0,41.0,1,0,1,0,0,0,0,0,0,1,0,0,0,0,0,0,0,1,0
1284,0,0,1,1,1,1,1,0,64.0,1,0,1,0,0,0,0,0,0,1,0,0,0,0,0,0,0,1,0
1285,0,0,1,1,1,0,0,0,11.0,1,0,1,0,0,0,0,0,0,1,0,0,0,0,0,0,0,0,0
1286,1,1,1,1,1,1,0,1,36.0,1,0,1,0,0,0,0,0,0,1,0,0,0,0,0,0,0,0,0
1287,1,0,1,1,0,1,0,1,42.0,1,0,0,0,0,0,0,0,0,1,0,0,0,0,0,0,0,1,0
1288,1,0,0,1,1,1,0,1,42.0,1,1,0,0,0,0,1,0,0,0,0,0,0,0,0,0,0,1,0
1289,0,1,1,1,1,1,0,1,35.0,1,0,0,0,0,0,0,0,0,1,0,0,0,0,0,0,0,0,1
1290,0,0,0,0,1,0,0,1,35.0,1,0,0,0,0,0,0,0,0,1,0,0,0,0,0,0,0,0,1
1291,1,0,0,1,1,0,0,1,42.0,0,1,0,0,0,0,0,1,0,0,0,0,0,0,0,0,0,1,0
1292,1,0,0,1,0,0,0,1,42.0,0,1,0,0,0,0,1,0,0,0,0,0,0,0,0,0,0,1,0
1293,1,1,1,1,1,0,0,0,19.0,1,0,0,0,0,0,0,0,0,1,0,0,0,1,0,0,0,0,0
1294,1,1,0,1,1,1,0,1,42.0,1,0,0,0,0,0,0,0,0,1,0,0,0,0,0,0,0,1,0
1295,1,0,0,0,1,0,0,1,42.0,1,0,0,0,0,0,0,0,0,1,0,0,0,0,0,0,0,1,0
1296,1,0,0,0,0,0,0,1,42.0,0,0,0,0,0,0,0,0,0,1,0,0,0,0,0,0,0,1,0
1297,0,0,0,0,1,1,0,1,35.0,1,0,0,0,0,0,0,0,0,1,0,0,0,0,0,0,0,1,0
1298,1,0,0,0,1,0,0,1,42.0,1,0,0,0,0,0,0,0,0,1,0,0,0,0,0,0,0,1,0
1299,0,0,1,1,1,1,0,0,19.0,1,0,0,0,0,0,0,0,0,1,0,0,0,0,0,0,0,0,1
1300,1,0,0,0,1,1,0,1,42.0,0,0,0,0,0,0,0,0,0,1,0,0,0,0,0,0,0,1,0
1301,1,0,0,0,0,0,0,1,42.0,0,0,0,0,0,0,0,0,0,1,0,0,0,0,0,0,0,0,1
1302,1,0,0,0,1,1,0,0,19.0,1,0,0,0,0,0,0,0,0,1,0,0,0,0,0,0,0,1,0
1303,1,0,0,1,1,0,0,1,42.0,0,0,0,0,0,0,0,0,0,1,0,0,0,0,0,0,0,1,0
1304,1,0,0,1,0,0,0,0,19.0,0,0,0,0,0,0,0,0,0,1,0,0,0,0,0,0,1,0,0
1305,0,0,0,0,1,1,0,1,35.0,1,0,0,0,0,0,0,0,0,1,0,0,0,0,0,0,0,1,0
1306,1,0,1,1,1,1,1,1,41.0,1,0,1,0,0,0,0,0,0,1,0,0,0,0,0,0,0,0,0
1307,0,1,0,1,1,1,0,1,35.0,1,0,0,0,0,0,0,0,0,1,0,0,0,0,0,0,0,1,0
1308,1,0,1,1,1,0,0,0,9.0,1,0,1,0,0,0,0,0,0,1,0,0,0,0,0,0,0,1,0
1309,1,0,0,0,1,1,0,1,42.0,1,0,0,0,0,0,0,0,0,1,0,0,0,0,0,0,0,1,0
1310,0,0,0,0,0,0,1,1,35.0,0,0,0,0,0,0,0,0,0,1,0,0,0,0,0,0,0,1,0
1311,1,0,0,0,1,1,0,1,42.0,1,0,0,0,0,0,0,0,0,1,0,0,0,0,0,0,0,1,0
1312,0,0,1,1,1,0,1,0,19.0,1,0,0,0,0,0,0,0,0,1,0,0,0,0,0,0,0,1,0
1313,1,1,0,0,1,0,0,1,42.0,1,0,0,0,0,0,0,0,0,1,0,0,0,0,0,0,0,0,1
1314,1,0,0,0,1,1,0,0,19.0,1,0,0,0,0,0,0,0,0,1,0,0,0,0,0,0,0,1,0
1315,1,0,0,0,0,0,0,1,42.0,0,0,0,0,0,0,0,0,0,1,0,0,0,0,0,0,0,1,0
1316,0,0,1,1,1,0,0,0,10.0,1,0,1,0,0,0,0,0,0,1,0,0,0,0,0,0,0,1,0
1317,0,0,1,1,1,0,0,0,19.0,1,0,1,0,0,0,0,0,0,1,0,0,0,0,0,0,0,0,0
1318,1,0,0,0,1,0,0,1,42.0,1,0,0,0,0,0,0,0,0,1,0,0,0,0,0,0,0,1,0
1319,0,0,1,1,0,0,0,1,35.0,0,0,0,0,0,0,0,0,0,1,0,0,0,0,0,0,0,1,0
1320,1,0,0,1,0,0,0,1,42.0,1,1,0,0,0,0,1,0,0,0,0,0,0,0,0,0,1,0,0
1321,0,1,1,1,1,0,0,1,35.0,0,1,0,0,0,0,1,0,0,0,0,0,0,0,0,0,0,1,0
1322,1,0,0,0,1,1,0,1,42.0,1,1,0,0,0,0,1,0,0,0,0,0,0,0,0,0,0,1,0
1323,1,1,1,1,1,1,0,1,68.0,1,0,1,0,0,0,0,0,0,1,0,0,0,0,0,0,0,1,0
1324,1,0,0,1,0,0,0,1,42.0,1,1,0,0,0,0,1,0,0,0,0,0,0,0,0,0,0,1,0
1325,1,1,0,0,0,0,0,1,42.0,1,1,0,0,0,0,0,0,0,0,0,0,0,1,0,0,0,0,0
1326,1,0,0,0,1,1,0,1,42.0,1,0,0,0,0,0,0,0,0,1,0,0,0,0,0,0,0,1,0
1327,1,0,0,0,1,0,0,1,42.0,1,0,0,0,0,0,0,0,0,1,0,0,0,0,0,0,0,1,0
1328,1,0,1,0,0,0,1,1,42.0,1,0,0,0,0,0,0,0,0,1,0,0,0,1,0,0,0,0,0
1329,0,0,0,0,1,1,0,1,35.0,1,0,0,0,0,0,0,0,0,1,0,0,0,0,0,0,0,1,0
1330,1,0,0,0,0,0,1,1,42.0,1,0,0,0,0,0,0,0,0,1,0,0,0,0,0,0,0,1,0
1331,0,1,1,1,1,1,0,0,19.0,1,0,0,0,0,0,0,0,0,1,0,0,0,0,0,0,0,0,0
1332,1,0,0,0,0,1,0,1,42.0,1,0,0,0,0,0,0,0,0,1,0,0,0,0,0,0,0,1,0
1333,1,0,0,1,1,0,0,1,42.0,1,0,0,0,0,0,0,0,0,1,0,0,0,0,0,0,0,1,0
1334,1,0,0,1,0,1,0,1,42.0,1,0,0,0,0,0,0,0,0,1,0,0,0,0,0,0,0,0,1
1335,0,0,0,0,1,0,0,1,35.0,1,0,0,0,0,0,0,0,0,1,0,0,0,0,0,0,0,1,0
1336,0,0,0,0,1,1,0,1,35.0,1,0,0,0,0,0,0,0,0,1,0,0,0,0,0,0,0,1,0
1337,1,1,0,1,1,0,0,1,42.0,1,0,0,0,0,0,0,0,0,1,0,0,0,0,0,0,0,0,1
1338,1,0,0,1,0,0,0,1,42.0,1,1,0,0,0,0,1,0,0,0,0,0,0,0,0,0,0,1,0
1339,1,0,1,1,0,0,0,1,42.0,0,0,0,0,0,0,0,0,0,1,0,0,0,0,0,0,0,1,0
1340,0,0,1,1,1,0,1,1,35.0,1,0,0,0,0,0,0,0,0,1,0,0,0,0,0,0,0,1,0
1341,1,1,1,1,1,0,0,1,42.0,0,0,0,0,0,0,0,0,0,1,0,0,0,0,0,0,0,1,0
1342,1,0,1,1,1,0,0,1,42.0,1,0,0,0,0,0,0,0,0,1,0,0,0,0,0,0,0,1,0
1343,1,1,1,1,1,1,0,0,19.0,1,0,0,0,1,0,0,0,0,1,0,0,0,0,0,0,0,0,0
1344,0,0,1,1,1,0,0,0,11.0,1,0,1,0,0,0,0,0,0,1,0,0,0,0,0,0,0,0,0
1345,0,0,1,1,1,0,1,0,19.0,1,0,0,0,0,0,0,0,0,1,0,0,0,0,0,0,0,1,0
1346,0,0,1,1,1,0,1,0,19.0,1,0,0,0,0,0,0,0,0,1,0,0,0,0,0,0,0,1,0
1347,1,0,0,1,1,1,1,1,42.0,1,0,0,0,0,0,0,0,0,1,0,0,0,0,0,0,0,1,0
1348,1,0,0,0,0,0,0,1,100.0,0,0,1,0,0,0,0,0,0,1,0,0,0,0,1,0,0,0,0
1349,0,0,1,1,1,0,1,0,19.0,1,0,0,0,0,0,0,0,0,1,0,0,0,0,0,0,0,1,0
1350,0,0,1,1,1,0,0,0,18.0,1,0,1,0,0,0,0,0,0,1,0,0,0,0,0,0,0,0,0
1351,0,0,1,1,1,1,1,1,35.0,1,1,0,0,0,1,0,0,0,0,0,0,0,0,0,0,0,1,0
1352,0,0,1,1,1,0,0,0,20.0,1,0,1,0,0,0,0,0,0,1,0,0,0,0,0,0,0,0,0
1353,1,0,1,1,1,0,0,1,42.0,0,0,0,0,0,0,0,0,0,1,0,0,0,0,0,0,0,1,0
1354,0,0,0,0,1,1,0,0,19.0,1,0,0,0,0,0,0,0,0,1,0,0,0,0,0,0,0,1,0
1355,1,0,0,0,1,1,0,1,42.0,1,0,0,0,0,0,0,0,0,1,0,0,0,0,0,0,0,1,0
1356,1,0,1,1,1,1,0,0,60.0,1,0,1,0,0,0,0,0,0,1,0,0,0,0,0,0,0,1,0
1357,0,0,0,1,1,1,0,1,35.0,1,1,0,0,0,0,1,0,0,0,0,0,0,0,0,0,0,1,0
1358,0,0,0,0,1,0,1,1,35.0,1,0,0,0,0,0,0,0,0,1,0,0,0,0,0,0,0,1,0
1359,1,0,0,0,0,0,0,1,42.0,1,0,0,0,0,0,0,0,0,1,0,0,0,0,0,0,0,1,0
1360,0,0,1,1,1,0,0,0,20.0,1,0,1,0,0,0,0,0,0,1,0,0,0,0,0,0,0,0,0
1361,0,1,1,1,1,1,1,1,35.0,0,0,0,0,1,0,0,0,0,1,0,0,0,0,0,0,0,1,0
1362,0,0,0,1,1,0,1,0,19.0,1,0,0,0,0,0,0,0,0,1,0,0,0,0,0,0,0,1,0
1363,0,0,0,1,1,1,1,0,19.0,1,0,0,0,0,0,0,0,0,1,0,0,0,0,0,0,0,1,0
1364,0,0,1,1,1,1,0,0,13.0,1,0,1,0,0,0,0,0,0,1,0,0,0,0,0,0,0,0,0
1365,1,0,0,0,0,0,1,1,42.0,1,0,0,0,0,0,0,0,0,1,0,0,0,0,0,0,0,1,0
1366,1,0,0,0,1,1,0,1,42.0,1,1,0,0,0,0,0,1,0,0,0,0,0,0,0,0,0,1,0
1367,1,0,0,0,0,0,0,1,42.0,0,0,0,0,0,0,0,0,0,1,0,0,0,0,0,0,0,1,0
1368,1,0,1,1,1,1,0,0,16.0,1,0,1,0,0,0,0,0,0,1,0,0,0,0,0,0,0,1,0
1369,1,0,1,1,1,1,0,0,12.0,1,0,1,0,0,0,0,0,0,1,0,0,0,0,0,0,0,1,0
1370,0,0,1,1,1,0,0,0,42.0,1,0,1,0,0,0,0,0,0,1,0,0,0,0,0,0,0,0,0
1371,1,0,0,1,1,1,0,1,42.0,1,0,0,0,0,0,0,0,0,1,0,0,0,0,0,0,0,1,0
1372,0,0,0,0,0,0,0,1,35.0,0,0,0,0,0,0,0,0,0,1,0,0,0,0,0,0,0,1,0
1373,0,0,0,1,1,0,0,1,35.0,1,0,0,0,0,0,0,0,0,1,0,0,0,0,0,0,0,1,0
1374,1,0,0,1,1,0,0,1,42.0,1,0,0,0,0,0,0,0,0,1,0,0,0,0,0,0,0,1,0
1375,1,0,0,0,1,0,0,1,42.0,1,1,0,0,0,0,0,0,0,0,0,0,0,0,0,0,0,0,1
1376,0,0,0,1,1,0,1,1,35.0,1,0,0,0,0,0,0,0,0,1,0,0,0,0,0,0,0,1,0
1377,1,0,0,0,1,1,0,1,42.0,1,0,0,0,0,0,0,0,0,1,0,0,0,0,0,0,0,1,0
1378,0,0,1,1,1,1,1,1,35.0,1,0,0,0,0,0,0,0,0,1,0,0,0,0,0,0,0,1,0
1379,0,0,1,1,1,0,1,0,19.0,1,0,0,0,0,0,0,0,0,1,0,0,0,0,0,0,0,1,0
1380,1,0,0,0,1,0,0,1,42.0,1,0,0,0,0,0,0,0,0,1,0,0,0,0,0,0,0,1,0
1381,0,0,0,0,1,1,0,1,35.0,1,0,0,0,0,0,0,0,0,1,0,0,0,0,0,0,0,1,0
1382,1,0,1,1,1,1,1,0,48.0,0,0,1,0,0,0,0,0,0,1,0,0,0,0,0,0,0,0,0
1383,1,0,1,1,1,1,0,1,42.0,1,0,0,0,0,0,0,0,0,1,0,0,0,0,0,0,0,1,0
1384,0,0,1,1,1,1,0,1,35.0,1,0,0,0,0,0,0,0,0,1,0,0,0,0,0,0,0,1,0
1385,1,0,0,1,1,0,0,1,42.0,1,0,0,0,0,0,0,0,0,1,0,0,0,0,0,0,0,0,1
1386,0,0,0,1,1,1,0,1,35.0,1,0,0,0,0,0,0,0,0,1,0,0,0,0,0,0,0,1,0
1387,0,0,0,0,1,1,0,1,35.0,1,0,0,0,0,0,0,0,0,1,0,0,0,0,0,0,0,1,0
1388,1,0,0,1,1,1,0,1,42.0,0,0,0,0,0,0,0,0,0,1,0,0,0,0,0,0,0,1,0
1389,1,0,0,1,1,0,1,1,42.0,1,0,0,0,0,0,0,0,0,1,0,0,0,0,0,1,0,0,0
1390,1,0,0,1,1,1,1,1,42.0,1,0,0,0,0,0,0,0,0,1,0,0,0,0,0,0,0,1,0
1391,1,0,0,0,1,0,0,1,42.0,1,1,0,0,0,0,1,0,0,0,0,0,0,0,0,0,0,1,0
1392,0,0,0,1,1,1,0,0,19.0,1,0,0,0,0,0,0,0,0,1,0,0,0,0,0,0,1,0,0
1393,0,0,0,0,1,0,0,1,35.0,1,0,0,0,0,0,0,0,0,1,0,0,0,0,0,0,0,1,0
1394,1,0,0,1,1,1,1,1,42.0,1,0,0,0,0,0,0,0,0,1,0,0,0,0,0,0,0,1,0
1395,1,1,1,1,1,1,0,0,20.0,0,0,1,0,0,0,0,0,0,1,0,0,0,0,0,0,0,0,1
1396,1,1,1,1,0,1,0,0,19.0,1,0,0,0,0,0,0,0,0,1,0,0,0,0,0,0,1,0,0
1397,1,1,1,1,0,1,0,0,49.0,0,0,1,0,0,0,0,0,0,1,0,0,0,1,0,0,0,0,0
1398,0,0,0,0,1,0,0,1,35.0,1,0,0,0,0,0,0,0,0,1,0,0,0,0,0,0,0,1,0
1399,1,0,0,0,1,1,0,0,19.0,1,0,0,0,0,0,0,0,0,1,0,0,0,0,0,0,0,1,0
1400,0,0,0,0,1,1,0,1,35.0,1,0,0,0,0,0,0,0,0,1,0,0,0,0,0,0,0,1,0
1401,1,0,0,1,1,1,0,0,19.0,0,0,0,0,0,0,0,0,0,1,0,0,0,0,0,0,0,0,1
1402,0,0,0,0,1,1,0,1,35.0,1,1,0,0,0,0,1,0,0,0,0,0,0,0,0,0,0,1,0
1403,0,0,0,1,1,1,0,1,35.0,1,0,0,0,0,0,0,0,0,1,0,0,0,0,0,0,0,1,0
1404,1,0,0,1,0,0,0,1,42.0,1,1,0,0,0,0,1,0,0,0,0,0,0,0,0,0,0,1,0
1405,0,0,0,1,1,1,0,1,35.0,1,0,0,0,0,0,0,0,0,1,0,0,0,0,0,0,0,1,0
1406,0,0,0,0,1,1,0,1,35.0,1,0,0,0,0,0,0,0,0,1,0,0,0,0,0,0,0,1,0
1407,1,0,0,0,1,1,0,1,42.0,1,0,0,0,0,0,0,0,0,1,0,0,0,0,0,0,0,1,0
1408,1,0,0,0,1,1,0,1,42.0,1,0,0,0,0,0,0,0,0,1,0,0,0,0,0,0,0,1,0
1409,1,0,0,1,1,0,0,1,42.0,1,0,0,0,0,0,0,0,0,1,0,0,0,0,0,0,0,1,0
1410,1,0,0,0,0,0,1,1,42.0,0,0,0,0,0,0,0,0,0,1,0,1,0,0,0,0,0,0,0
1411,0,0,1,1,1,0,1,0,19.0,1,0,0,0,0,0,0,0,0,1,0,0,0,0,0,0,0,1,0
1412,0,0,1,1,1,1,0,0,36.0,1,0,1,0,0,0,0,0,0,1,0,0,0,0,0,0,0,0,0
1413,1,1,1,1,1,1,1,0,13.0,0,0,1,0,0,0,0,0,0,1,0,1,0,0,0,0,0,0,0
1414,0,0,1,1,1,0,0,0,13.0,1,0,1,0,0,0,0,0,0,1,0,0,0,0,0,0,0,0,0
1415,1,1,1,1,1,1,0,1,42.0,1,0,0,0,0,0,0,0,0,1,0,0,0,0,0,0,0,1,0
1416,1,0,1,1,1,0,1,1,38.0,0,0,1,0,0,0,0,0,0,1,0,0,0,0,0,0,0,0,0
1417,1,0,1,1,1,1,0,1,18.0,1,0,1,0,0,0,0,0,0,1,0,0,0,0,0,0,0,0,0
1418,1,0,0,0,0,0,0,1,42.0,1,0,0,0,0,0,0,0,0,1,0,0,0,0,0,0,0,1,0
1419,1,0,0,1,1,1,0,1,42.0,1,0,0,0,0,0,0,0,0,1,0,0,0,0,0,0,0,1,0
1420,0,0,0,0,1,1,0,0,19.0,1,0,0,0,0,0,0,0,0,1,0,0,0,0,0,0,0,1,0
1421,0,1,1,1,1,1,0,1,68.0,1,0,1,0,0,0,0,0,0,1,0,0,0,0,0,0,0,1,0
1422,0,0,0,0,1,0,0,1,35.0,1,0,0,0,0,0,0,0,0,1,0,0,0,0,0,0,0,1,0
1423,1,0,0,0,0,0,0,1,42.0,0,0,0,0,0,0,0,0,0,1,0,0,0,0,0,0,0,1,0
1424,0,0,0,0,0,0,1,1,35.0,1,0,0,0,0,0,0,0,0,1,0,0,0,0,0,0,0,1,0
1425,1,1,1,0,0,0,0,1,42.0,0,0,0,0,0,0,0,0,0,1,0,0,0,0,0,0,0,1,0
1426,0,1,1,1,1,0,0,1,35.0,0,1,0,0,0,0,1,0,0,0,1,0,0,0,0,0,0,0,0
1427,0,0,0,0,0,1,0,1,100.0,0,1,1,0,0,0,1,0,0,0,0,0,0,0,0,0,0,1,0
1428,1,0,1,1,1,1,0,1,42.0,1,0,0,0,0,0,0,0,0,1,0,1,0,0,0,0,0,0,0
1429,0,1,1,1,1,1,0,1,35.0,1,0,0,0,0,0,0,0,0,1,0,0,0,0,0,0,0,1,0
1430,0,0,1,1,1,0,0,0,11.0,1,0,1,0,0,0,0,0,0,1,0,0,0,0,0,0,0,0,0
1431,0,0,1,1,1,0,0,0,11.0,1,0,1,0,0,0,0,0,0,1,0,0,0,0,0,0,0,1,0
1432,0,0,1,1,1,0,0,0,12.0,1,0,1,0,0,0,0,0,0,1,0,0,0,0,0,0,0,1,0
1433,1,0,1,1,1,0,0,0,15.0,1,0,1,0,0,0,0,0,0,1,0,0,0,0,0,0,0,1,0
1434,1,0,1,1,1,1,0,1,42.0,1,1,0,0,0,0,1,0,0,0,0,0,0,0,0,0,0,1,0
1435,1,0,0,0,1,1,0,1,42.0,1,0,0,0,0,0,0,0,0,1,0,0,0,0,0,0,0,1,0
1436,1,0,0,0,1,0,0,1,42.0,1,0,0,0,0,0,0,0,0,1,0,0,0,0,0,0,0,1,0
1437,1,0,1,1,1,0,0,0,42.0,1,0,1,0,0,0,0,0,0,1,0,0,0,0,0,0,0,1,0
1438,1,0,1,0,0,0,0,1,42.0,1,1,0,0,0,0,0,0,0,0,0,0,0,1,0,0,0,0,0
1439,1,0,1,1,1,0,1,0,56.0,1,0,1,0,0,0,0,0,0,1,0,0,0,0,0,0,0,0,0
1440,0,0,0,0,1,0,0,1,35.0,1,1,0,0,0,0,1,0,0,0,0,0,0,0,0,0,0,1,0
1441,1,0,1,1,1,1,0,0,16.0,1,0,1,0,0,0,0,0,0,1,0,0,0,0,0,0,0,0,0
1442,1,0,1,1,1,1,0,0,19.0,1,0,1,0,0,0,0,0,0,1,0,0,0,0,0,0,0,0,0
1443,1,1,1,1,1,1,1,1,38.0,1,0,1,0,0,0,0,0,0,1,0,0,0,0,0,0,0,0,0
1444,1,0,1,1,1,1,0,1,33.0,1,0,1,0,0,0,0,0,0,1,0,0,0,0,0,0,0,0,1
1445,1,0,0,0,0,1,0,1,42.0,0,0,0,0,0,0,0,0,0,1,0,0,0,0,0,0,0,1,0
1446,1,1,1,1,0,1,0,1,42.0,0,0,0,0,1,0,0,0,0,1,0,0,0,0,0,0,0,1,0
1447,1,0,0,0,1,0,0,1,42.0,1,0,0,0,0,0,0,0,0,1,0,0,0,0,0,0,0,1,0
1448,1,1,1,1,1,1,0,0,14.0,0,0,1,0,1,0,0,0,0,1,0,1,0,0,0,0,0,0,0
1449,1,0,1,1,1,1,0,0,16.0,1,0,1,0,0,0,0,0,0,1,0,0,0,0,0,0,0,0,0
1450,1,0,1,0,0,0,1,1,42.0,0,0,0,0,0,0,0,0,0,1,0,0,0,1,0,0,0,0,0
1451,1,0,1,1,1,1,0,1,42.0,1,0,0,0,0,0,0,0,0,1,0,0,0,0,0,0,0,1,0
1452,1,0,0,1,1,0,0,1,86.0,1,0,1,0,0,0,0,0,0,1,0,0,0,0,0,0,0,1,0
1453,0,0,1,1,1,0,1,0,19.0,1,0,0,0,0,0,0,0,0,1,0,0,0,0,0,0,0,1,0
1454,1,0,0,0,1,1,1,0,19.0,1,0,0,0,0,0,0,0,0,1,0,0,0,0,0,0,0,1,0
1455,1,0,1,1,1,0,0,0,18.0,1,0,1,0,0,0,0,0,0,1,0,0,0,0,0,0,0,0,0
1456,0,0,1,1,1,0,1,0,19.0,1,0,0,0,0,0,0,0,0,1,0,0,0,0,0,0,0,1,0
1457,0,0,1,1,1,0,0,0,20.0,1,0,1,0,0,0,0,0,0,1,0,0,0,0,0,0,0,0,0
1458,1,1,1,1,1,1,0,1,42.0,1,0,0,0,0,0,0,0,0,1,0,0,0,0,0,0,0,1,0
1459,1,0,0,0,1,1,1,1,69.0,0,0,1,0,1,0,0,0,0,1,0,0,0,0,0,0,0,1,0
1460,1,1,1,1,1,1,1,1,60.0,0,0,1,0,0,0,0,0,0,1,0,0,0,0,0,0,0,0,0
1461,1,0,1,1,0,1,1,1,41.0,0,1,1,0,1,0,0,0,1,0,0,0,0,0,1,0,0,0,0
1462,1,0,0,0,0,1,0,1,20.0,0,0,1,0,1,0,0,0,0,1,0,0,0,0,1,0,0,0,0
1463,0,0,1,1,1,0,1,1,23.0,1,1,1,0,0,1,0,0,0,0,0,0,0,0,0,0,0,0,0
1464,1,0,0,0,0,0,0,1,42.0,1,0,0,0,0,0,0,0,0,1,0,0,0,0,0,0,0,1,0
1465,1,0,0,1,1,1,0,1,42.0,1,0,0,0,0,0,0,0,0,1,0,0,0,0,0,0,0,1,0
1466,1,0,0,0,1,1,0,1,42.0,1,0,0,0,0,0,0,0,0,1,0,0,0,0,0,0,0,1,0
1467,0,1,1,1,1,1,0,1,16.0,1,0,1,1,1,0,0,0,0,1,0,0,0,1,0,0,0,0,0
1468,1,0,1,1,1,1,0,1,42.0,1,0,0,0,1,0,0,0,0,1,0,0,0,0,0,0,0,1,0
1469,1,0,1,1,1,1,0,1,28.0,1,0,1,0,0,0,0,0,0,1,0,0,0,0,0,0,0,1,0
1470,1,0,0,1,1,1,0,1,42.0,1,0,0,0,0,0,0,0,0,1,0,0,0,0,0,0,0,1,0
1471,1,0,1,1,1,1,0,0,18.0,0,0,1,0,0,0,0,0,0,1,0,0,0,0,0,0,0,1,0
1472,1,1,1,1,1,1,0,1,42.0,1,0,0,0,0,0,0,0,0,1,0,0,0,0,0,0,0,1,0
1473,1,0,0,0,0,0,0,0,19.0,1,0,0,0,0,0,0,0,0,1,0,0,0,0,0,0,0,1,0
1474,0,0,0,0,0,1,0,0,19.0,1,0,0,0,0,0,0,0,0,1,0,0,0,0,0,0,0,1,0
1475,1,1,1,1,1,1,0,1,15.0,1,1,1,1,1,0,0,0,1,0,0,0,0,1,0,0,0,0,0
1476,1,1,1,1,1,1,1,1,41.0,1,0,1,0,0,0,0,0,0,1,0,0,0,0,0,0,0,1,0
1477,1,1,1,0,0,1,0,1,42.0,0,0,0,0,0,0,0,0,0,1,0,0,0,0,0,0,0,1,0
1478,1,0,1,1,1,1,0,0,19.0,1,0,0,0,0,0,0,0,0,1,0,0,0,0,0,1,0,0,0
1479,1,0,1,1,0,1,1,0,19.0,0,0,0,0,0,0,0,0,0,1,0,0,0,0,0,0,0,1,0
1480,1,1,1,1,0,0,0,0,19.0,0,0,0,0,0,0,0,0,0,1,0,0,0,0,0,0,1,0,0
1481,1,0,0,0,1,1,0,1,42.0,1,0,0,0,0,0,0,0,0,1,0,0,0,0,0,0,0,1,0
1482,0,1,1,1,1,1,1,1,39.0,1,0,1,1,1,0,0,0,0,1,0,1,0,0,0,0,0,0,0
1483,0,0,1,1,0,0,0,0,19.0,0,0,0,0,0,0,0,0,0,1,0,0,0,0,0,0,0,1,0
1484,1,0,0,1,1,1,0,1,42.0,0,1,0,0,0,0,0,0,0,0,0,0,0,0,0,0,0,0,1
1485,1,1,0,0,0,0,0,0,19.0,0,0,0,0,0,0,0,0,0,1,0,0,0,0,0,0,0,1,0
1486,1,0,1,1,0,0,0,1,42.0,0,0,0,0,0,0,0,0,0,1,0,0,0,0,0,0,0,1,0
1487,1,1,1,1,1,1,0,1,42.0,1,0,0,0,0,0,0,0,0,1,0,0,0,0,0,0,1,0,0
1488,1,0,0,0,1,1,0,0,19.0,0,0,0,0,0,0,0,0,0,1,1,0,0,0,0,0,0,0,0
1489,1,0,1,0,0,0,0,0,19.0,1,0,0,0,0,0,0,0,0,1,0,0,0,0,0,0,0,1,0
1490,1,0,0,0,1,0,0,1,65.0,1,0,1,0,0,0,0,0,0,1,0,0,0,0,0,0,0,0,1
1491,1,0,1,1,1,0,0,1,80.0,0,0,1,0,0,0,0,0,0,1,0,0,0,0,0,0,0,0,1
1492,1,0,0,1,1,1,0,0,19.0,1,0,0,0,0,0,0,0,0,1,0,0,0,0,0,0,0,1,0
1493,1,0,1,0,1,1,0,1,42.0,1,0,0,0,0,0,0,0,0,1,1,0,0,0,0,0,0,0,0
1494,1,0,0,1,1,1,0,1,42.0,1,1,0,0,0,0,1,0,0,0,0,0,0,0,0,0,0,1,0
1495,0,0,0,0,1,0,0,1,35.0,1,0,0,0,0,0,0,0,0,1,0,0,0,0,0,0,0,1,0
1496,0,0,0,1,1,1,0,0,19.0,0,0,0,0,0,0,0,0,0,1,0,0,0,0,0,0,0,0,1
1497,1,1,1,1,1,1,1,1,58.0,1,1,1,0,1,0,0,0,1,0,0,0,0,0,0,0,0,1,0
1498,1,0,0,0,1,0,0,1,42.0,1,0,0,0,0,0,0,0,0,1,0,0,0,0,0,0,0,0,1
1499,1,0,1,1,1,1,0,0,19.0,1,0,0,0,0,0,0,0,0,1,0,0,0,0,0,0,0,1,0
1500,1,1,1,1,1,0,0,1,18.0,1,1,1,0,0,0,1,0,0,0,0,0,0,0,0,0,0,1,0
1501,1,0,1,1,1,0,1,0,46.0,1,0,1,0,0,0,0,0,0,1,0,0,0,0,0,0,0,0,0
1502,1,0,1,1,1,1,1,1,77.0,1,0,1,0,0,0,0,0,0,1,0,0,0,0,0,0,0,1,0
1503,0,0,0,1,1,1,1,0,19.0,1,0,0,0,1,0,0,0,0,1,0,0,0,0,0,0,0,1,0
1504,1,1,1,0,0,0,0,0,19.0,0,0,0,0,0,0,0,0,0,1,0,0,0,0,0,0,0,1,0
1505,1,1,1,1,1,1,1,1,68.0,1,0,1,0,0,0,0,0,0,1,0,0,0,0,0,0,0,1,0
1506,1,1,1,1,1,1,0,1,42.0,1,1,0,0,0,0,0,1,0,0,0,0,0,0,0,0,0,1,0
1507,1,1,1,1,0,0,0,1,42.0,0,0,0,0,0,0,0,0,0,1,0,0,0,0,0,0,0,1,0
1508,0,0,0,1,1,1,0,0,19.0,1,0,0,0,0,0,0,0,0,1,0,0,0,0,0,0,0,0,1
1509,1,0,0,0,0,1,0,1,30.0,1,0,1,0,0,0,0,0,0,1,0,0,0,0,0,0,0,1,0
1510,0,0,1,1,1,1,1,0,23.0,1,0,1,0,1,0,0,0,0,1,0,0,0,0,0,0,0,0,1
1511,1,0,0,0,1,0,0,0,19.0,1,0,0,0,0,0,0,0,0,1,0,0,0,0,0,0,0,1,0
1512,1,0,0,1,1,1,0,1,42.0,1,1,0,0,0,0,1,0,0,0,0,0,0,0,0,0,0,1,0
1513,1,1,1,1,1,1,0,1,42.0,0,1,0,0,0,0,0,1,0,0,0,0,0,0,0,0,0,1,0
1514,1,0,0,0,0,0,0,0,19.0,0,0,0,0,0,0,0,0,0,1,0,0,0,0,0,0,0,0,1
1515,1,0,0,0,1,1,0,1,42.0,1,0,0,0,0,0,0,0,0,1,0,0,0,0,0,0,0,1,0
1516,1,0,0,0,1,1,0,1,24.0,1,0,1,0,0,0,0,0,0,1,0,0,0,0,0,0,0,1,0
1517,0,0,0,0,0,0,1,1,21.0,0,0,1,0,0,0,0,0,0,1,0,0,0,0,1,0,0,0,0
1518,1,1,1,1,1,1,0,0,19.0,1,0,0,0,0,0,0,0,0,1,0,0,0,1,0,0,0,0,0
1519,1,1,1,1,1,1,0,1,42.0,1,0,0,0,1,0,0,0,0,1,0,0,0,0,0,0,0,1,0
1520,1,0,0,1,0,0,0,0,19.0,0,0,0,0,0,0,0,0,0,1,0,0,0,0,0,0,0,1,0
1521,1,0,1,1,1,1,0,1,64.0,1,0,1,0,0,0,0,0,0,1,0,0,0,0,0,0,0,1,0
1522,1,1,1,1,1,1,0,1,42.0,1,0,0,0,0,0,0,0,0,1,0,0,0,0,0,0,0,1,0
1523,1,1,1,1,1,1,0,1,22.0,0,1,1,1,0,0,1,0,0,0,0,0,0,0,0,0,1,0,0
1524,1,1,1,1,1,1,1,1,52.0,0,0,1,0,0,0,0,0,0,1,0,0,0,0,0,0,0,0,0
1525,1,0,0,0,0,0,0,1,42.0,0,0,0,0,0,0,0,0,0,1,0,0,0,0,0,0,0,1,0
1526,0,1,1,1,1,1,0,1,35.0,1,0,0,0,0,0,0,0,0,1,0,0,0,0,0,0,0,0,1
1527,0,0,0,0,0,0,0,0,100.0,0,0,1,0,0,0,0,0,0,1,0,0,0,0,0,0,0,1,0
1528,0,1,1,1,1,1,0,0,21.0,1,0,1,0,0,0,0,0,0,1,0,0,0,0,1,0,0,0,0
1529,1,0,0,1,1,0,1,1,42.0,1,0,0,0,0,0,0,0,0,1,0,0,0,0,0,0,0,1,0
1530,1,1,1,1,0,1,0,1,42.0,0,0,0,0,1,0,0,0,0,1,0,0,0,0,0,0,0,1,0
1531,1,1,1,1,1,1,1,1,51.0,1,0,1,1,1,0,0,0,0,1,0,0,0,0,0,0,0,1,0
1532,1,1,1,1,1,1,0,1,42.0,1,0,0,0,0,0,0,0,0,1,0,0,0,0,0,0,0,1,0
1533,1,0,0,0,0,1,0,0,23.0,0,0,1,0,0,0,0,0,0,1,0,0,0,0,0,0,0,1,0
1534,1,1,0,0,0,0,0,0,19.0,0,0,0,0,0,0,0,0,0,1,0,0,0,0,0,0,0,1,0
1535,1,1,0,0,0,0,0,0,19.0,1,0,0,0,0,0,0,0,0,1,0,1,0,0,0,0,0,0,0
1536,1,0,0,1,0,0,0,1,42.0,1,0,0,0,0,0,0,0,0,1,0,0,0,0,0,0,0,1,0
1537,1,1,1,1,1,1,1,1,23.0,1,0,1,0,1,0,0,0,0,1,0,0,0,0,0,0,0,1,0
1538,0,0,0,1,1,0,0,0,19.0,1,0,0,0,0,0,0,0,0,1,0,0,0,0,0,0,0,1,0
1539,1,0,0,0,0,0,0,1,42.0,0,0,0,0,0,0,0,0,0,1,0,0,0,0,0,0,0,1,0
1540,0,0,1,1,1,1,1,1,40.0,1,0,1,0,1,0,0,0,0,1,0,0,0,0,0,0,0,1,0
1541,1,1,1,1,0,1,0,0,17.0,0,0,1,0,1,0,0,0,0,1,0,0,0,1,0,0,0,0,0
1542,1,0,1,1,1,1,0,1,42.0,1,0,0,0,0,0,0,0,0,1,0,0,0,0,0,0,0,1,0
1543,1,0,1,1,1,1,0,0,19.0,0,0,0,0,0,0,0,0,0,1,0,0,0,0,0,0,0,1,0
1544,1,1,1,1,1,1,0,1,42.0,1,0,0,0,0,0,0,0,0,1,0,0,0,0,0,0,0,1,0
1545,1,0,1,1,1,1,1,0,19.0,1,0,0,0,1,0,0,0,0,1,0,0,0,0,0,0,0,1,0
1546,1,1,1,1,1,1,1,1,49.0,1,0,1,1,1,0,0,0,0,1,0,0,0,0,0,1,0,0,0
1547,1,0,0,1,1,1,0,0,19.0,0,0,0,0,0,0,0,0,0,1,0,0,0,0,0,0,0,0,1
1548,1,1,1,1,0,0,0,1,42.0,0,0,0,0,0,0,0,0,0,1,0,0,0,0,0,0,0,1,0
1549,0,1,0,1,1,1,0,0,19.0,1,0,0,0,0,0,0,0,0,1,0,0,0,0,0,0,0,0,1
1550,1,0,1,1,0,0,0,0,19.0,1,0,0,0,0,0,0,0,0,1,0,0,0,0,0,0,0,1,0
1551,1,1,1,1,1,0,0,0,21.0,0,0,1,0,0,0,0,0,0,1,0,0,0,0,0,0,0,0,1
1552,0,0,1,1,1,1,1,1,35.0,1,1,0,0,1,1,0,0,0,0,0,0,0,0,0,0,0,1,0
1553,1,1,0,1,1,0,0,1,42.0,1,0,0,0,0,0,0,0,0,1,0,0,0,0,0,0,0,0,1
1554,0,1,1,0,0,0,0,0,19.0,0,0,0,0,0,0,0,0,0,1,0,0,0,0,0,0,0,0,1
1555,1,0,1,1,1,1,0,0,19.0,0,0,0,0,0,0,0,0,0,1,0,0,0,0,0,0,0,1,0
1556,0,0,1,1,1,1,0,0,22.0,1,0,1,0,0,0,0,0,0,1,0,0,0,0,0,0,0,1,0
1557,0,0,0,0,1,1,0,0,12.0,0,0,1,0,0,0,0,0,0,1,0,0,0,0,0,0,0,1,0
